Column1,Column2,Column3,Column4,Column5,Column6,Column7,Column8,Column9,Column10,Column11,Column12,Column13,Column14,Column15,Column16,Column17,Column18,Column19,Column20,Column21,Column22,Column23,Column24,Column25,Column26,Column27,Column28,Column29,Column30,Column31,Column32,Column33,Column34
Rk,Player,Nation,Pos,Squad,Age,Born,MP,Starts,Min,90s,Gls,Ast,G-PK,PK,PKatt,CrdY,CrdR,Gls,Ast,G+A,G-PK,G+A-PK,xG,npxG,xAG,npxG+xAG,xG,xAG,xG+xAG,npxG,npxG+xAG,Matches,-9999
1,Brenden Aaronson,us USA,MF,Leeds United,22-013,2000,12,12,1014,11.3,1,1,1,0,0,2,0,0.09,0.09,0.18,0.09,0.18,1.8,1.8,2.4,4.2,0.16,0.22,0.37,0.16,0.37,Matches,5bc43860
2,Che Adams,sct SCO,FW,Southampton,26-114,1996,12,10,913,10.1,3,1,3,0,0,0,0,0.30,0.10,0.39,0.30,0.39,3.1,3.1,1.4,4.5,0.31,0.14,0.45,0.31,0.45,Matches,f2bf1b0f
3,Tyler Adams,us USA,MF,Leeds United,23-263,1999,11,11,990,11.0,0,0,0,0,0,2,0,0.00,0.00,0.00,0.00,0.00,0.0,0.0,0.9,0.9,0.00,0.08,0.08,0.00,0.08,Matches,2b09d998
4,Tosin Adarabioyo,eng ENG,DF,Fulham,25-041,1997,10,10,900,10.0,1,0,1,0,0,0,0,0.10,0.00,0.10,0.10,0.10,0.1,0.1,0.0,0.2,0.01,0.00,0.02,0.01,0.02,Matches,c81d773d
5,Rayan Aït Nouri,fr FRA,DF,Wolves,21-151,2001,9,7,649,7.2,0,0,0,0,0,1,0,0.00,0.00,0.00,0.00,0.00,0.3,0.3,0.8,1.2,0.05,0.12,0.16,0.05,0.16,Matches,9b398aea
6,Kristoffer Ajer,no NOR,DF,Brentford,24-201,1998,6,6,502,5.6,0,0,0,0,0,0,0,0.00,0.00,0.00,0.00,0.00,0.0,0.0,0.0,0.0,0.01,0.00,0.01,0.01,0.01,Matches,a8c0acb7
7,Manuel Akanji,ch SUI,DF,Manchester City,27-108,1995,6,6,521,5.8,0,0,0,0,0,1,0,0.00,0.00,0.00,0.00,0.00,0.3,0.3,0.0,0.3,0.05,0.00,0.05,0.05,0.05,Matches,89ac64a6
8,Nathan Aké,nl NED,DF,Manchester City,27-259,1995,7,6,481,5.3,0,0,0,0,0,0,0,0.00,0.00,0.00,0.00,0.00,0.1,0.1,0.0,0.1,0.02,0.00,0.02,0.02,0.02,Matches,eaeca114
9,Marc Albrighton,eng ENG,MF,Leicester City,32-351,1989,2,0,18,0.2,0,0,0,0,0,0,0,0.00,0.00,0.00,0.00,0.00,0.0,0.0,0.0,0.0,0.22,0.00,0.22,0.22,0.22,Matches,b827d5b3
10,Thiago Alcántara,es ESP,MF,Liverpool,31-207,1991,6,6,464,5.2,0,0,0,0,0,1,0,0.00,0.00,0.00,0.00,0.00,0.0,0.0,0.4,0.4,0.01,0.07,0.08,0.01,0.08,Matches,77e84962
11,Trent Alexander-Arnold,eng ENG,DF,Liverpool,24-028,1998,12,10,813,9.0,1,0,1,0,0,2,0,0.11,0.00,0.11,0.11,0.11,1.0,1.0,1.9,2.9,0.11,0.21,0.33,0.11,0.33,Matches,cd1acf9d
12,Alisson,br BRA,GK,Liverpool,30-033,1992,12,12,1080,12.0,0,1,0,0,0,0,0,0.00,0.08,0.08,0.00,0.08,0.0,0.0,0.3,0.3,0.00,0.02,0.02,0.00,0.02,Matches,7a2e46a8
13,Dele Alli,eng ENG,MF,Everton,26-207,1996,2,0,40,0.4,0,0,0,0,0,0,0,0.00,0.00,0.00,0.00,0.00,0.0,0.0,0.0,0.0,0.00,0.00,0.00,0.00,0.00,Matches,cea4ee8f
14,Miguel Almirón,py PAR,FW,Newcastle Utd,28-267,1994,13,13,1085,12.1,7,0,7,0,0,0,0,0.58,0.00,0.58,0.58,0.58,4.2,4.2,0.7,4.9,0.35,0.06,0.40,0.35,0.40,Matches,862a1c15
15,Julián Álvarez,ar ARG,FWMF,Manchester City,22-277,2000,10,2,296,3.3,2,0,2,0,0,0,0,0.61,0.00,0.61,0.61,0.61,0.8,0.8,0.3,1.1,0.25,0.10,0.34,0.25,0.34,Matches,15ab5a2b
16,Daniel Amartey,gh GHA,DF,Leicester City,27-318,1994,10,8,735,8.2,0,0,0,0,0,0,0,0.00,0.00,0.00,0.00,0.00,0.0,0.0,0.3,0.3,0.00,0.04,0.04,0.00,0.04,Matches,1a4ef233
17,Joachim Andersen,dk DEN,DF,Crystal Palace,26-157,1996,11,11,990,11.0,1,0,1,0,0,2,0,0.09,0.00,0.09,0.09,0.09,0.9,0.9,0.4,1.2,0.08,0.03,0.11,0.08,0.11,Matches,e34fc66d
18,Elliot Anderson,sct SCO,FWMF,Newcastle Utd,19-363,2002,6,0,93,1.0,0,0,0,0,0,0,0,0.00,0.00,0.00,0.00,0.00,0.5,0.5,0.5,1.0,0.46,0.49,0.96,0.46,0.96,Matches,de31038e
19,Jaidon Anthony,eng ENG,MFDF,Bournemouth,22-338,1999,9,1,249,2.8,1,0,1,0,0,0,0,0.36,0.00,0.36,0.36,0.36,0.5,0.5,0.1,0.5,0.17,0.03,0.20,0.17,0.20,Matches,e4238fb1
20,Michail Antonio,jm JAM,FW,West Ham,32-221,1990,13,6,562,6.2,2,1,2,0,0,1,0,0.32,0.16,0.48,0.32,0.48,2.0,2.0,0.4,2.4,0.32,0.07,0.39,0.32,0.39,Matches,ac05f970
21,Antony,br BRA,MF,Manchester Utd,22-253,2000,6,6,491,5.5,3,0,3,0,0,1,0,0.55,0.00,0.55,0.55,0.55,1.6,1.6,0.4,2.0,0.30,0.07,0.37,0.30,0.37,Matches,99127249
22,Cameron Archer,eng ENG,MF,Aston Villa,20-330,2001,5,0,41,0.5,0,0,0,0,0,0,0,0.00,0.00,0.00,0.00,0.00,0.0,0.0,0.0,0.0,0.00,0.00,0.00,0.00,0.00,Matches,05e8ca6d
23,Alphonse Areola,fr FRA,GK,West Ham,29-250,1993,2,0,107,1.2,0,0,0,0,0,0,0,0.00,0.00,0.00,0.00,0.00,0.0,0.0,0.0,0.0,0.00,0.00,0.00,0.00,0.00,Matches,2f965a72
24,Joe Aribo,ng NGA,MFFW,Southampton,26-106,1996,13,10,908,10.1,2,0,2,0,0,1,0,0.20,0.00,0.20,0.20,0.20,1.4,1.4,0.8,2.2,0.14,0.08,0.22,0.14,0.22,Matches,328f7d51
25,Adam Armstrong,eng ENG,FWMF,Southampton,25-267,1997,12,10,785,8.7,1,1,1,0,0,0,0,0.11,0.11,0.23,0.11,0.23,0.9,0.9,0.6,1.5,0.11,0.07,0.17,0.11,0.17,Matches,68c720b5
26,Stuart Armstrong,sct SCO,MF,Southampton,30-219,1992,12,5,569,6.3,1,0,1,0,0,2,0,0.16,0.00,0.16,0.16,0.16,1.0,1.0,0.9,1.9,0.16,0.14,0.30,0.16,0.30,Matches,97333cf5
27,Kepa Arrizabalaga,es ESP,GK,Chelsea,28-032,1994,6,6,495,5.5,0,0,0,0,0,0,0,0.00,0.00,0.00,0.00,0.00,0.0,0.0,0.0,0.0,0.00,0.00,0.00,0.00,0.00,Matches,28d596a0
28,Pierre-Emerick Aubameyang,ga GAB,FW,Chelsea,33-139,1989,5,3,242,2.7,1,0,1,0,0,0,0,0.37,0.00,0.37,0.37,0.37,0.2,0.2,0.3,0.5,0.07,0.13,0.20,0.07,0.20,Matches,d5dd5f1f
29,Ludwig Augustinsson,se SWE,DF,Aston Villa,28-197,1994,1,1,44,0.5,0,0,0,0,0,1,0,0.00,0.00,0.00,0.00,0.00,0.0,0.0,0.0,0.0,0.00,0.00,0.00,0.00,0.00,Matches,9fec8860
30,Serge Aurier,ci CIV,DF,Nott'ham Forest,29-315,1992,5,4,350,3.9,0,0,0,0,0,1,0,0.00,0.00,0.00,0.00,0.00,0.0,0.0,0.1,0.1,0.00,0.04,0.04,0.00,0.04,Matches,5c2b4f07
31,Taiwo Awoniyi,ng NGA,FW,Nott'ham Forest,25-084,1997,12,6,500,5.6,3,0,3,0,0,0,0,0.54,0.00,0.54,0.54,0.54,3.3,3.3,0.7,4.0,0.60,0.12,0.72,0.60,0.72,Matches,e5478b87
32,Jordan Ayew,gh GHA,MFFW,Crystal Palace,31-054,1991,12,9,756,8.4,0,1,0,0,0,0,0,0.00,0.12,0.12,0.00,0.12,0.7,0.7,1.1,1.7,0.08,0.13,0.21,0.08,0.21,Matches,da052c14
33,Luke Ayling,eng ENG,DF,Leeds United,31-071,1991,5,1,142,1.6,0,1,0,0,0,0,0,0.00,0.63,0.63,0.00,0.63,0.2,0.2,0.1,0.3,0.10,0.08,0.18,0.10,0.18,Matches,420d7c7d
34,César Azpilicueta,es ESP,DF,Chelsea,33-068,1989,9,5,537,6.0,0,0,0,0,0,1,0,0.00,0.00,0.00,0.00,0.00,0.1,0.1,0.7,0.9,0.02,0.12,0.14,0.02,0.14,Matches,53cad200
35,Leon Bailey,jm JAM,MFFW,Aston Villa,25-087,1997,12,10,741,8.2,2,2,2,0,0,2,0,0.24,0.24,0.49,0.24,0.49,1.6,1.6,1.9,3.5,0.19,0.24,0.43,0.19,0.43,Matches,3a233281
36,Stefan Bajcetic,es ESP,MF,Liverpool,18-013,2004,1,0,21,0.2,0,0,0,0,0,0,0,0.00,0.00,0.00,0.00,0.00,0.0,0.0,0.0,0.0,0.00,0.00,0.00,0.00,0.00,Matches,32e8417f
37,Patrick Bamford,eng ENG,FWMF,Leeds United,29-060,1993,10,4,429,4.8,0,1,0,0,1,0,0,0.00,0.21,0.21,0.00,0.21,4.1,3.3,0.3,3.6,0.86,0.06,0.93,0.70,0.76,Matches,93feac6e
38,Shandon Baptiste,gd GRN,MF,Brentford,24-210,1998,12,4,431,4.8,0,0,0,0,0,1,0,0.00,0.00,0.00,0.00,0.00,0.2,0.2,0.7,0.9,0.04,0.15,0.19,0.04,0.19,Matches,2886c9b5
39,Harvey Barnes,eng ENG,MFFW,Leicester City,24-330,1997,11,11,906,10.1,4,0,4,0,0,0,0,0.40,0.00,0.40,0.40,0.40,2.3,2.3,0.4,2.7,0.23,0.04,0.27,0.23,0.27,Matches,3ea50f67
40,Gavin Bazunu,ie IRL,GK,Southampton,20-257,2002,13,13,1170,13.0,0,0,0,0,0,0,0,0.00,0.00,0.00,0.00,0.00,0.0,0.0,0.1,0.1,0.00,0.00,0.00,0.00,0.00,Matches,c91441dc
41,Mads Bech Sørensen,dk DEN,DFMF,Brentford,23-301,1999,3,0,20,0.2,0,0,0,0,0,0,0,0.00,0.00,0.00,0.00,0.00,0.0,0.0,0.0,0.0,0.00,0.00,0.00,0.00,0.00,Matches,30db8574
42,Jan Bednarek,pl POL,DF,Southampton,26-206,1996,2,2,159,1.8,0,0,0,0,0,0,0,0.00,0.00,0.00,0.00,0.00,0.1,0.1,0.1,0.1,0.03,0.04,0.07,0.03,0.07,Matches,4115ce4e
43,Jan Bednarek,pl POL,DF,Aston Villa,26-206,1996,2,1,91,1.0,0,0,0,0,0,0,0,0.00,0.00,0.00,0.00,0.00,0.0,0.0,0.0,0.0,0.00,0.00,0.00,0.00,0.00,Matches,4115ce4e
44,Donny van de Beek,nl NED,MF,Manchester Utd,25-200,1997,3,0,22,0.2,0,0,0,0,0,0,0,0.00,0.00,0.00,0.00,0.00,0.0,0.0,0.0,0.0,0.00,0.00,0.00,0.00,0.00,Matches,50dc94ce
45,Asmir Begovi?,ba BIH,GK,Everton,35-137,1987,1,1,90,1.0,0,0,0,0,0,0,0,0.00,0.00,0.00,0.00,0.00,0.0,0.0,0.0,0.0,0.00,0.00,0.00,0.00,0.00,Matches,7b4de647
46,Armel Bella Kotchap,de GER,DF,Southampton,20-328,2001,9,9,761,8.5,0,1,0,0,0,1,0,0.00,0.12,0.12,0.00,0.12,0.7,0.7,0.1,0.8,0.08,0.01,0.09,0.08,0.09,Matches,a39d11bc
47,Saïd Benrahma,dz ALG,MFFW,West Ham,27-086,1995,11,5,598,6.6,1,1,0,1,1,0,0,0.15,0.15,0.30,0.00,0.15,2.0,1.2,1.0,2.2,0.29,0.15,0.44,0.18,0.32,Matches,5a04fd92
48,Rodrigo Bentancur,uy URU,MF,Tottenham,25-132,1997,12,11,1002,11.1,2,2,2,0,0,4,0,0.18,0.18,0.36,0.18,0.36,1.0,1.0,0.8,1.7,0.09,0.07,0.15,0.09,0.15,Matches,3b8674e6
49,Owen Bevan,wls WAL,DF,Bournemouth,19-009,2003,1,0,9,0.1,0,0,0,0,0,0,0,0.00,0.00,0.00,0.00,0.00,0.0,0.0,0.0,0.0,0.00,0.00,0.00,0.00,0.00,Matches,87966294
50,Giulian Biancone,fr FRA,DF,Nott'ham Forest,22-218,2000,2,0,17,0.2,0,0,0,0,0,0,0,0.00,0.00,0.00,0.00,0.00,0.0,0.0,0.0,0.0,0.00,0.00,0.00,0.00,0.00,Matches,de40e38c
51,Philip Billing,dk DEN,MFFW,Bournemouth,26-146,1996,13,11,959,10.7,3,1,3,0,0,1,0,0.28,0.09,0.38,0.28,0.38,0.7,0.7,0.7,1.4,0.07,0.07,0.13,0.07,0.13,Matches,d328a254
52,Yves Bissouma,ml MLI,MF,Tottenham,26-066,1996,12,5,497,5.5,0,0,0,0,0,3,0,0.00,0.00,0.00,0.00,0.00,0.1,0.1,0.2,0.3,0.02,0.04,0.06,0.02,0.06,Matches,6c203af0
53,Willy Boly,ci CIV,DF,Nott'ham Forest,31-274,1991,1,1,62,0.7,0,0,0,0,0,1,0,0.00,0.00,0.00,0.00,0.00,0.0,0.0,0.0,0.0,0.00,0.00,0.00,0.00,0.00,Matches,a4ac4b8f
54,Sven Botman,nl NED,DF,Newcastle Utd,22-296,2000,11,10,881,9.8,0,0,0,0,0,0,0,0.00,0.00,0.00,0.00,0.00,0.3,0.3,0.9,1.2,0.03,0.09,0.12,0.03,0.12,Matches,ccce7025
55,Jarrod Bowen,eng ENG,MFFW,West Ham,25-319,1996,13,13,1160,12.9,2,0,1,1,2,0,0,0.16,0.00,0.16,0.08,0.08,4.1,3.0,1.5,4.6,0.32,0.12,0.44,0.23,0.35,Matches,79c84d1c
56,Armando Broja,al ALB,FW,Chelsea,21-055,2001,10,1,195,2.2,1,0,1,0,0,0,0,0.46,0.00,0.46,0.46,0.46,0.7,0.7,0.0,0.7,0.34,0.00,0.34,0.34,0.34,Matches,97220da2
57,Bryan,es ESP,MF,Tottenham,21-266,2001,1,0,7,0.1,0,0,0,0,0,0,0,0.00,0.00,0.00,0.00,0.00,0.0,0.0,0.0,0.0,0.00,0.00,0.00,0.00,0.00,Matches,7b5ab7f2
58,Emi Buendía,ar ARG,MFFW,Aston Villa,25-314,1996,13,5,575,6.4,1,0,1,0,0,0,0,0.16,0.00,0.16,0.16,0.16,2.2,2.2,0.8,3.0,0.35,0.13,0.48,0.35,0.48,Matches,66b76d44
59,Hugo Bueno,es ESP,DF,Wolves,20-047,2002,4,3,271,3.0,0,1,0,0,0,0,0,0.00,0.33,0.33,0.00,0.33,0.1,0.1,0.3,0.4,0.02,0.10,0.12,0.02,0.12,Matches,bfc3b3a0
60,Dan Burn,eng ENG,DF,Newcastle Utd,30-179,1992,13,12,1044,11.6,0,0,0,0,0,2,0,0.00,0.00,0.00,0.00,0.00,0.4,0.4,0.1,0.5,0.03,0.01,0.04,0.03,0.04,Matches,b2d31e83
61,Cafú,pt POR,MF,Nott'ham Forest,29-251,1993,1,0,7,0.1,0,0,0,0,0,0,0,0.00,0.00,0.00,0.00,0.00,0.0,0.0,0.0,0.0,0.00,0.00,0.00,0.00,0.00,Matches,85322440
62,Moisés Caicedo,ec ECU,MF,Brighton,21-002,2001,12,12,1065,11.8,1,0,1,0,0,3,0,0.08,0.00,0.08,0.08,0.08,0.8,0.8,0.8,1.6,0.06,0.07,0.13,0.06,0.13,Matches,16264a81
63,Tom Cairney,sct SCO,MF,Fulham,31-288,1991,13,0,239,2.7,0,0,0,0,0,0,0,0.00,0.00,0.00,0.00,0.00,0.4,0.4,0.4,0.7,0.14,0.13,0.28,0.14,0.28,Matches,a8748947
64,Duje ?aleta-Car,hr CRO,DF,Southampton,26-048,1996,5,4,409,4.5,0,0,0,0,0,0,0,0.00,0.00,0.00,0.00,0.00,0.2,0.2,0.0,0.2,0.05,0.01,0.05,0.05,0.05,Matches,94f8d10c
65,Dominic Calvert-Lewin,eng ENG,FW,Everton,25-233,1997,5,3,279,3.1,1,0,1,0,0,1,0,0.32,0.00,0.32,0.32,0.32,1.0,1.0,0.0,1.0,0.31,0.00,0.31,0.31,0.31,Matches,59e6e5bf
66,Chem Campbell,wls WAL,MFFW,Wolves,19-309,2002,5,0,74,0.8,0,0,0,0,0,0,0,0.00,0.00,0.00,0.00,0.00,0.1,0.1,0.0,0.1,0.12,0.00,0.12,0.12,0.12,Matches,6f711f67
67,João Cancelo,pt POR,DF,Manchester City,28-161,1994,12,12,1006,11.2,2,1,2,0,0,2,0,0.18,0.09,0.27,0.18,0.27,0.5,0.5,0.8,1.3,0.05,0.07,0.12,0.05,0.12,Matches,bd6351cd
68,Sergi Canós,es ESP,DFFW,Brentford,25-275,1997,3,0,64,0.7,0,0,0,0,0,0,0,0.00,0.00,0.00,0.00,0.00,0.0,0.0,0.0,0.0,0.00,0.03,0.03,0.00,0.03,Matches,1137759d
69,Diego Carlos,br BRA,DF,Aston Villa,29-234,1993,2,2,179,2.0,0,0,0,0,0,0,0,0.00,0.00,0.00,0.00,0.00,0.4,0.4,0.0,0.4,0.18,0.00,0.18,0.18,0.18,Matches,b4a014b1
70,Fabio Carvalho,pt POR,MFFW,Liverpool,20-066,2002,10,4,333,3.7,2,0,2,0,0,0,0,0.54,0.00,0.54,0.54,0.54,1.1,1.1,0.1,1.2,0.30,0.03,0.33,0.30,0.33,Matches,966e28d0
71,Casemiro,br BRA,MF,Manchester Utd,30-254,1992,9,5,532,5.9,1,1,1,0,0,2,0,0.17,0.17,0.34,0.17,0.34,0.5,0.5,0.8,1.2,0.08,0.13,0.21,0.08,0.21,Matches,4d224fe8
72,Matty Cash,pl POL,DF,Aston Villa,25-089,1997,11,10,848,9.4,0,0,0,0,0,2,0,0.00,0.00,0.00,0.00,0.00,0.2,0.2,0.4,0.6,0.02,0.04,0.06,0.02,0.06,Matches,2389cdc2
73,Timothy Castagne,be BEL,DF,Leicester City,26-334,1995,12,11,1011,11.2,1,2,1,0,0,0,0,0.09,0.18,0.27,0.09,0.27,1.1,1.1,1.0,2.1,0.10,0.09,0.18,0.10,0.18,Matches,197640fd
74,Jonny Castro,es ESP,DF,Wolves,28-246,1994,11,11,934,10.4,0,0,0,0,0,2,0,0.00,0.00,0.00,0.00,0.00,0.3,0.3,0.3,0.6,0.02,0.03,0.06,0.02,0.06,Matches,e28868f3
75,Julio César Enciso,py PAR,MF,Brighton,18-285,2004,1,0,26,0.3,0,0,0,0,0,1,0,0.00,0.00,0.00,0.00,0.00,0.3,0.3,0.0,0.3,1.21,0.00,1.21,1.21,1.21,Matches,9cfbad36
76,Nathaniel Chalobah,eng ENG,MF,Fulham,27-327,1994,3,1,11,0.1,0,0,0,0,0,0,1,0.00,0.00,0.00,0.00,0.00,0.1,0.1,0.0,0.1,0.77,0.00,0.77,0.77,0.77,Matches,422862ea
77,Trevoh Chalobah,eng ENG,DF,Chelsea,23-122,1999,6,6,540,6.0,0,0,0,0,0,0,0,0.00,0.00,0.00,0.00,0.00,0.3,0.3,0.0,0.3,0.06,0.00,0.06,0.06,0.06,Matches,5515376c
78,Calum Chambers,eng ENG,DF,Aston Villa,27-288,1995,3,1,101,1.1,0,0,0,0,0,0,0,0.00,0.00,0.00,0.00,0.00,0.0,0.0,0.0,0.0,0.00,0.00,0.00,0.00,0.00,Matches,dc6f5bdd
79,Ben Chilwell,eng ENG,DFMF,Chelsea,25-318,1996,9,4,419,4.7,1,1,1,0,0,1,0,0.21,0.21,0.43,0.21,0.43,0.3,0.3,0.1,0.5,0.07,0.03,0.10,0.07,0.10,Matches,d2424d1b
80,Ryan Christie,sct SCO,MF,Bournemouth,27-255,1995,12,9,707,7.9,1,0,1,0,0,1,0,0.13,0.00,0.13,0.13,0.13,1.3,1.3,0.3,1.6,0.17,0.04,0.21,0.17,0.21,Matches,26ce2263
81,Carney Chukwuemeka,eng ENG,MF,Chelsea,19-015,2003,3,0,46,0.5,0,0,0,0,0,0,0,0.00,0.00,0.00,0.00,0.00,0.1,0.1,0.0,0.1,0.17,0.05,0.22,0.17,0.22,Matches,b2f9c73e
82,Bobby Clark,eng ENG,MF,Liverpool,17-270,2005,1,0,8,0.1,0,0,0,0,0,0,0,0.00,0.00,0.00,0.00,0.00,0.0,0.0,0.0,0.0,0.00,0.00,0.00,0.00,0.00,Matches,73341ace
83,Nathaniel Clyne,eng ENG,DF,Crystal Palace,31-213,1991,6,5,413,4.6,0,0,0,0,0,1,0,0.00,0.00,0.00,0.00,0.00,0.0,0.0,0.1,0.1,0.00,0.03,0.03,0.00,0.03,Matches,0442183b
84,Conor Coady,eng ENG,DF,Everton,29-252,1993,12,12,1070,11.9,1,1,1,0,0,1,0,0.08,0.08,0.17,0.08,0.17,0.6,0.6,0.3,0.9,0.05,0.02,0.07,0.05,0.07,Matches,2928dca2
85,Jack Colback,eng ENG,MF,Nott'ham Forest,33-011,1989,3,1,127,1.4,0,0,0,0,0,0,0,0.00,0.00,0.00,0.00,0.00,0.0,0.0,0.2,0.2,0.00,0.11,0.11,0.00,0.11,Matches,963a9201
86,Séamus Coleman,ie IRL,DF,Everton,34-024,1988,6,6,473,5.3,0,0,0,0,0,0,0,0.00,0.00,0.00,0.00,0.00,0.1,0.1,0.2,0.4,0.03,0.04,0.07,0.03,0.07,Matches,0420d84f
87,Nathan Collins,ie IRL,DF,Wolves,21-188,2001,10,10,842,9.4,0,0,0,0,0,1,1,0.00,0.00,0.00,0.00,0.00,0.0,0.0,0.1,0.1,0.00,0.01,0.01,0.00,0.01,Matches,a8c19eb8
88,Levi Colwill,eng ENG,DFMF,Brighton,19-251,2003,2,0,13,0.1,0,0,0,0,0,0,0,0.00,0.00,0.00,0.00,0.00,0.0,0.0,0.0,0.0,0.00,0.00,0.00,0.00,0.00,Matches,700783e7
89,Lewis Cook,eng ENG,MF,Bournemouth,25-274,1997,13,11,1013,11.3,0,1,0,0,0,1,0,0.00,0.09,0.09,0.00,0.09,0.1,0.1,1.2,1.3,0.01,0.11,0.12,0.01,0.12,Matches,2afc7272
90,Steve Cook,eng ENG,DF,Nott'ham Forest,31-199,1991,11,10,868,9.6,0,0,0,0,0,4,0,0.00,0.00,0.00,0.00,0.00,0.1,0.1,0.6,0.7,0.01,0.06,0.07,0.01,0.07,Matches,3e5e4e63
91,Liam Cooper,sct SCO,DF,Leeds United,31-066,1991,6,5,495,5.5,0,0,0,0,0,1,0,0.00,0.00,0.00,0.00,0.00,0.2,0.2,0.4,0.7,0.04,0.08,0.12,0.04,0.12,Matches,dc64b8b3
92,Maxwel Cornet,ci CIV,MFFW,West Ham,26-038,1996,5,1,91,1.0,0,0,0,0,0,0,0,0.00,0.00,0.00,0.00,0.00,0.5,0.5,0.0,0.5,0.53,0.00,0.53,0.53,0.53,Matches,beb391dd
93,Diego Costa,es ESP,FW,Wolves,34-028,1988,6,5,412,4.6,0,0,0,0,0,0,1,0.00,0.00,0.00,0.00,0.00,1.7,1.7,0.2,1.8,0.37,0.04,0.40,0.37,0.40,Matches,a190d597
94,Vladimír Coufal,cz CZE,DFMF,West Ham,30-074,1992,9,7,685,7.6,0,0,0,0,0,1,0,0.00,0.00,0.00,0.00,0.00,0.1,0.1,0.6,0.7,0.01,0.08,0.10,0.01,0.10,Matches,fdf3cb77
95,Philippe Coutinho,br BRA,MFFW,Aston Villa,30-145,1992,12,6,571,6.3,0,0,0,0,0,2,0,0.00,0.00,0.00,0.00,0.00,1.0,1.0,0.3,1.3,0.16,0.05,0.20,0.16,0.20,Matches,0ef89a37
96,Conor Coventry,ie IRL,MFFW,West Ham,22-224,2000,1,0,1,0.0,0,0,0,0,0,0,0,0.00,0.00,0.00,0.00,0.00,0.0,0.0,0.0,0.0,0.00,0.00,0.00,0.00,0.00,Matches,a5ca9127
97,Aaron Cresswell,eng ENG,DF,West Ham,32-324,1989,12,12,1060,11.8,0,0,0,0,0,2,0,0.00,0.00,0.00,0.00,0.00,0.2,0.2,2.2,2.4,0.02,0.19,0.21,0.02,0.21,Matches,4f974391
98,Marc Cucurella,es ESP,DF,Chelsea,24-105,1998,11,10,739,8.2,0,2,0,0,0,2,0,0.00,0.24,0.24,0.00,0.24,0.3,0.3,0.3,0.6,0.03,0.03,0.07,0.03,0.07,Matches,1daec722
99,Patson Daka,zm ZAM,FW,Leicester City,24-026,1998,12,5,505,5.6,3,1,3,0,0,2,0,0.53,0.18,0.71,0.53,0.71,1.7,1.7,1.5,3.2,0.30,0.27,0.57,0.30,0.57,Matches,ca45605e
100,Diogo Dalot,pt POR,DF,Manchester Utd,23-231,1999,12,12,1075,11.9,0,1,0,0,0,4,0,0.00,0.08,0.08,0.00,0.08,0.6,0.6,1.3,1.9,0.05,0.11,0.16,0.05,0.16,Matches,d9565625
101,Mikkel Damsgaard,dk DEN,MFFW,Brentford,22-124,2000,8,1,236,2.6,0,0,0,0,0,2,0,0.00,0.00,0.00,0.00,0.00,0.4,0.4,0.4,0.8,0.16,0.14,0.30,0.16,0.30,Matches,215f3907
102,Josh Dasilva,eng ENG,MF,Brentford,24-012,1998,13,6,603,6.7,2,0,2,0,0,1,0,0.30,0.00,0.30,0.30,0.30,0.5,0.5,0.2,0.7,0.07,0.03,0.10,0.07,0.10,Matches,60344e4f
103,Ben Davies,wls WAL,DF,Tottenham,29-194,1993,10,9,815,9.1,1,1,1,0,0,1,0,0.11,0.11,0.22,0.11,0.22,0.5,0.5,0.8,1.2,0.05,0.08,0.14,0.05,0.14,Matches,44781702
104,Tom Davies,eng ENG,MF,Everton,24-127,1998,7,3,298,3.3,0,0,0,0,0,2,0,0.00,0.00,0.00,0.00,0.00,0.5,0.5,0.1,0.7,0.16,0.04,0.20,0.16,0.20,Matches,9228b07c
105,Craig Dawson,eng ENG,DF,West Ham,32-182,1990,3,3,270,3.0,0,0,0,0,0,0,0,0.00,0.00,0.00,0.00,0.00,0.1,0.1,0.1,0.2,0.03,0.03,0.05,0.03,0.05,Matches,3e9e06cb
106,Kevin De Bruyne,be BEL,MF,Manchester City,31-129,1991,12,11,951,10.6,3,9,3,0,0,0,0,0.28,0.85,1.14,0.28,1.14,2.4,2.4,5.2,7.6,0.22,0.50,0.72,0.22,0.72,Matches,e46012d4
107,Siriki Dembélé,ci CIV,FW,Bournemouth,26-058,1996,1,0,8,0.1,0,0,0,0,0,0,0,0.00,0.00,0.00,0.00,0.00,0.0,0.0,0.0,0.0,0.00,0.00,0.00,0.00,0.00,Matches,11f54bd5
108,Leander Dendoncker,be BEL,MF,Aston Villa,27-203,1995,6,2,203,2.3,0,0,0,0,0,0,0,0.00,0.00,0.00,0.00,0.00,0.0,0.0,0.3,0.4,0.02,0.15,0.17,0.02,0.17,Matches,5a7301ae
109,Leander Dendoncker,be BEL,MF,Wolves,27-203,1995,4,2,214,2.4,0,0,0,0,0,0,0,0.00,0.00,0.00,0.00,0.00,0.7,0.7,0.0,0.7,0.27,0.02,0.29,0.27,0.29,Matches,5a7301ae
110,Emmanuel Dennis,ng NGA,FW,Nott'ham Forest,24-354,1997,8,2,267,3.0,1,0,1,0,0,2,0,0.34,0.00,0.34,0.34,0.34,0.4,0.4,0.3,0.6,0.13,0.08,0.22,0.13,0.22,Matches,2c44a35d
111,Halil Dervi?o?lu,tr TUR,MF,Brentford,22-331,1999,1,0,8,0.1,0,0,0,0,0,0,0,0.00,0.00,0.00,0.00,0.00,0.0,0.0,0.0,0.0,0.31,0.00,0.31,0.31,0.31,Matches,9d8cf204
112,Kiernan Dewsbury-Hall,eng ENG,MF,Leicester City,24-059,1998,13,12,990,11.0,1,2,1,0,0,1,0,0.09,0.18,0.27,0.09,0.27,0.6,0.6,1.6,2.2,0.05,0.15,0.20,0.05,0.20,Matches,5c74c0f5
113,Ibrahima Diallo,fr FRA,MF,Southampton,23-241,1999,9,6,450,5.0,0,0,0,0,0,1,0,0.00,0.00,0.00,0.00,0.00,0.1,0.1,0.0,0.1,0.02,0.01,0.03,0.02,0.03,Matches,11ff3d56
114,Rúben Dias,pt POR,DF,Manchester City,25-174,1997,11,9,872,9.7,0,0,0,0,0,0,0,0.00,0.00,0.00,0.00,0.00,0.6,0.6,0.1,0.8,0.06,0.02,0.08,0.06,0.08,Matches,31c69ef1
115,Luis Díaz,co COL,FWMF,Liverpool,25-295,1997,8,7,613,6.8,3,2,3,0,0,2,0,0.44,0.29,0.73,0.44,0.73,1.7,1.7,1.0,2.7,0.26,0.15,0.40,0.26,0.40,Matches,4a1a9578
116,Eric Dier,eng ENG,DF,Tottenham,28-293,1994,13,12,1105,12.3,2,0,2,0,0,1,0,0.16,0.00,0.16,0.16,0.16,0.6,0.6,0.6,1.2,0.05,0.05,0.10,0.05,0.10,Matches,ac861941
117,Lucas Digne,fr FRA,DF,Aston Villa,29-107,1993,8,7,652,7.2,0,0,0,0,0,2,0,0.00,0.00,0.00,0.00,0.00,0.1,0.1,0.5,0.6,0.02,0.07,0.09,0.02,0.09,Matches,1b84dbe1
118,Issa Diop,fr FRA,DF,Fulham,25-299,1997,6,4,418,4.6,1,0,1,0,0,1,0,0.22,0.00,0.22,0.22,0.22,0.2,0.2,0.0,0.2,0.05,0.00,0.05,0.05,0.05,Matches,a712ca2b
119,Moussa Djenepo,ml MLI,DFMF,Southampton,24-142,1998,10,5,526,5.8,0,1,0,0,0,0,0,0.00,0.17,0.17,0.00,0.17,0.1,0.1,0.2,0.3,0.02,0.03,0.05,0.02,0.05,Matches,254147d4
120,Matt Doherty,ie IRL,DF,Tottenham,30-292,1992,6,3,294,3.3,0,0,0,0,0,0,0,0.00,0.00,0.00,0.00,0.00,0.2,0.2,0.1,0.3,0.07,0.02,0.09,0.07,0.09,Matches,d557d734
121,Gabriel Dos Santos,br BRA,DF,Arsenal,24-320,1997,12,12,1080,12.0,1,0,1,0,0,1,0,0.08,0.00,0.08,0.08,0.08,1.4,1.4,0.2,1.6,0.12,0.01,0.13,0.12,0.13,Matches,67ac5bb8
122,Abdoulaye Doucouré,ml MLI,MF,Everton,29-307,1993,5,2,140,1.6,0,0,0,0,0,0,0,0.00,0.00,0.00,0.00,0.00,0.1,0.1,0.0,0.1,0.08,0.00,0.08,0.08,0.08,Matches,02b29014
123,Cheick Doucouré,ml MLI,MF,Crystal Palace,22-300,2000,10,10,803,8.9,0,1,0,0,0,4,0,0.00,0.11,0.11,0.00,0.11,0.3,0.3,0.9,1.2,0.03,0.10,0.14,0.03,0.14,Matches,ce4f40c7
124,Flynn Downes,eng ENG,MF,West Ham,23-288,1999,5,3,238,2.6,0,0,0,0,0,0,0,0.00,0.00,0.00,0.00,0.00,0.2,0.2,0.0,0.3,0.09,0.02,0.11,0.09,0.11,Matches,69fdb896
125,Cody Drameh,eng ENG,DF,Leeds United,20-331,2001,1,1,69,0.8,0,0,0,0,0,0,0,0.00,0.00,0.00,0.00,0.00,0.0,0.0,0.0,0.0,0.00,0.00,0.00,0.00,0.00,Matches,e0d1510a
126,Shane Duffy,ie IRL,FWDF,Fulham,30-307,1992,4,0,6,0.1,0,0,0,0,0,0,0,0.00,0.00,0.00,0.00,0.00,0.0,0.0,0.0,0.0,0.00,0.00,0.00,0.00,0.00,Matches,7314bba4
127,Lewis Dunk,eng ENG,DF,Brighton,30-348,1991,12,12,1080,12.0,0,0,0,0,0,0,0,0.00,0.00,0.00,0.00,0.00,0.7,0.7,0.1,0.8,0.06,0.01,0.06,0.06,0.06,Matches,282f75f3
128,Malcolm Ebiowei,eng ENG,MF,Crystal Palace,19-061,2003,2,0,21,0.2,0,0,0,0,0,0,0,0.00,0.00,0.00,0.00,0.00,0.0,0.0,0.0,0.0,0.00,0.00,0.00,0.00,0.00,Matches,fa9fa773
129,Ederson,br BRA,GK,Manchester City,29-079,1993,12,12,1080,12.0,0,1,0,0,0,0,0,0.00,0.08,0.08,0.00,0.08,0.0,0.0,0.2,0.2,0.00,0.02,0.02,0.00,0.02,Matches,3bb7b8b4
130,Odsonne Édouard,fr FRA,FW,Crystal Palace,24-292,1998,12,9,761,8.5,3,2,3,0,0,3,0,0.35,0.24,0.59,0.35,0.59,1.8,1.8,0.8,2.6,0.21,0.09,0.30,0.21,0.30,Matches,0562b7f1
131,Samuel Edozie,eng ENG,MFFW,Southampton,19-280,2003,6,0,99,1.1,0,0,0,0,0,0,0,0.00,0.00,0.00,0.00,0.00,0.0,0.0,0.1,0.1,0.03,0.10,0.13,0.03,0.13,Matches,007414dd
132,Anthony Elanga,se SWE,MF,Manchester Utd,20-191,2002,8,4,289,3.2,0,1,0,0,0,0,0,0.00,0.31,0.31,0.00,0.31,0.4,0.4,0.8,1.2,0.13,0.25,0.38,0.13,0.38,Matches,2fba6108
133,Harvey Elliott,eng ENG,MF,Liverpool,19-214,2003,12,8,719,8.0,1,0,1,0,0,0,0,0.13,0.00,0.13,0.13,0.13,1.0,1.0,1.8,2.8,0.12,0.23,0.35,0.12,0.35,Matches,c8387671
134,Mohamed Elneny,eg EGY,MF,Arsenal,30-116,1992,1,1,90,1.0,0,0,0,0,0,0,0,0.00,0.00,0.00,0.00,0.00,0.0,0.0,0.0,0.0,0.00,0.00,0.00,0.00,0.00,Matches,47a34c4f
135,Mohamed Elyounoussi,no NOR,MFDF,Southampton,28-092,1994,12,10,805,8.9,0,1,0,0,0,2,0,0.00,0.11,0.11,0.00,0.11,1.1,1.1,0.8,1.9,0.13,0.09,0.22,0.13,0.22,Matches,68dc0dac
136,Emerson,br BRA,DF,Tottenham,23-294,1999,10,9,776,8.6,0,1,0,0,0,1,1,0.00,0.12,0.12,0.00,0.12,0.4,0.4,0.3,0.7,0.05,0.03,0.08,0.05,0.08,Matches,df8b52a5
137,Christian Eriksen,dk DEN,MF,Manchester Utd,30-263,1992,11,10,863,9.6,0,3,0,0,0,1,0,0.00,0.31,0.31,0.00,0.31,1.4,1.4,1.4,2.7,0.14,0.14,0.29,0.14,0.29,Matches,980522ec
138,Pervis Estupiñán,ec ECU,DF,Brighton,24-287,1998,9,6,470,5.2,0,0,0,0,0,3,0,0.00,0.00,0.00,0.00,0.00,0.0,0.0,1.7,1.7,0.01,0.32,0.33,0.01,0.33,Matches,d38fdf53
139,Jonny Evans,nir NIR,DF,Leicester City,34-305,1988,9,9,810,9.0,0,0,0,0,0,0,0,0.00,0.00,0.00,0.00,0.00,0.2,0.2,0.0,0.2,0.02,0.00,0.02,0.02,0.02,Matches,f8fcd2a5
140,Eberechi Eze,eng ENG,MF,Crystal Palace,24-128,1998,12,12,972,10.8,2,2,2,0,0,0,0,0.19,0.19,0.37,0.19,0.37,1.6,1.6,1.9,3.5,0.15,0.18,0.33,0.15,0.33,Matches,ae4fc6a4
141,?ukasz Fabia?ski,pl POL,GK,West Ham,37-200,1985,13,13,1063,11.8,0,0,0,0,0,0,0,0.00,0.00,0.00,0.00,0.00,0.0,0.0,0.0,0.0,0.00,0.00,0.00,0.00,0.00,Matches,9328b835
142,Fabinho,br BRA,MF,Liverpool,29-012,1993,12,9,817,9.1,0,0,0,0,0,2,0,0.00,0.00,0.00,0.00,0.00,0.2,0.2,0.4,0.6,0.02,0.04,0.06,0.02,0.06,Matches,7f3b388c
143,Wout Faes,be BEL,DF,Leicester City,24-215,1998,7,7,630,7.0,0,0,0,0,0,1,0,0.00,0.00,0.00,0.00,0.00,0.3,0.3,0.3,0.5,0.04,0.04,0.07,0.04,0.07,Matches,9c221d14
144,Bruno Fernandes,pt POR,MF,Manchester Utd,28-057,1994,12,12,1079,12.0,2,1,2,0,0,5,0,0.17,0.08,0.25,0.17,0.25,1.9,1.9,2.4,4.4,0.16,0.20,0.36,0.16,0.36,Matches,507c7bdf
145,Roberto Firmino,br BRA,FWMF,Liverpool,31-033,1991,11,9,782,8.7,6,3,6,0,0,0,0,0.69,0.35,1.04,0.69,1.04,3.9,3.9,1.8,5.7,0.45,0.21,0.66,0.45,0.66,Matches,4c370d81
146,Junior Firpo,es ESP,DF,Leeds United,26-074,1996,2,1,114,1.3,0,0,0,0,0,0,0,0.00,0.00,0.00,0.00,0.00,0.0,0.0,0.1,0.1,0.00,0.10,0.10,0.00,0.10,Matches,24f59bb2
147,Phil Foden,eng ENG,FWMF,Manchester City,22-160,2000,12,10,791,8.8,6,4,6,0,0,1,0,0.68,0.46,1.14,0.68,1.14,3.3,3.3,1.8,5.1,0.37,0.21,0.58,0.37,0.58,Matches,ed1e53f3
148,Wesley Fofana,fr FRA,DF,Leicester City,21-322,2000,2,2,180,2.0,0,0,0,0,0,1,0,0.00,0.00,0.00,0.00,0.00,0.1,0.1,0.0,0.1,0.06,0.00,0.06,0.06,0.06,Matches,132a82f1
149,Wesley Fofana,fr FRA,DF,Chelsea,21-322,2000,2,2,180,2.0,0,0,0,0,0,0,0,0.00,0.00,0.00,0.00,0.00,0.0,0.0,0.0,0.0,0.01,0.00,0.01,0.01,0.01,Matches,132a82f1
150,Pablo Fornals,es ESP,MFDF,West Ham,26-255,1996,12,9,759,8.4,1,0,1,0,0,0,0,0.12,0.00,0.12,0.12,0.12,0.6,0.6,0.9,1.5,0.07,0.11,0.18,0.07,0.18,Matches,82927de4
151,Adam Forshaw,eng ENG,MF,Leeds United,31-027,1991,3,0,50,0.6,0,0,0,0,0,0,0,0.00,0.00,0.00,0.00,0.00,0.0,0.0,0.4,0.4,0.00,0.79,0.79,0.00,0.79,Matches,9f1938ab
152,Tyrese Francois,au AUS,MF,Fulham,22-111,2000,1,0,1,0.0,0,0,0,0,0,0,0,0.00,0.00,0.00,0.00,0.00,0.0,0.0,0.0,0.0,0.00,0.00,0.00,0.00,0.00,Matches,6722d4f0
153,Ryan Fraser,sct SCO,FW,Newcastle Utd,28-253,1994,8,3,313,3.5,0,0,0,0,0,1,0,0.00,0.00,0.00,0.00,0.00,0.3,0.3,0.4,0.7,0.09,0.11,0.20,0.09,0.20,Matches,d56543a0
154,Fred,br BRA,MF,Manchester Utd,29-244,1993,11,4,398,4.4,1,0,1,0,0,2,0,0.23,0.00,0.23,0.23,0.23,0.8,0.8,0.8,1.6,0.18,0.17,0.35,0.18,0.35,Matches,b853e0ad
155,Ryan Fredericks,eng ENG,DF,Bournemouth,30-025,1992,7,4,379,4.2,0,0,0,0,0,1,0,0.00,0.00,0.00,0.00,0.00,0.0,0.0,0.1,0.1,0.00,0.03,0.03,0.00,0.03,Matches,c067631c
156,Remo Freuler,ch SUI,MF,Nott'ham Forest,30-203,1992,9,7,663,7.4,0,0,0,0,0,2,0,0.00,0.00,0.00,0.00,0.00,0.1,0.1,0.2,0.3,0.02,0.02,0.04,0.02,0.04,Matches,98d2c2c4
157,Conor Gallagher,eng ENG,MF,Chelsea,22-271,2000,10,6,381,4.2,1,1,1,0,0,2,1,0.24,0.24,0.47,0.24,0.47,0.5,0.5,1.2,1.7,0.11,0.28,0.39,0.11,0.39,Matches,c2731c10
158,Idrissa Gana Gueye,sn SEN,MF,Everton,33-039,1989,8,7,603,6.7,0,0,0,0,0,3,0,0.00,0.00,0.00,0.00,0.00,0.0,0.0,0.0,0.0,0.00,0.00,0.00,0.00,0.00,Matches,72c812f3
159,Alejandro Garnacho,es ESP,MF,Manchester Utd,18-126,2004,1,0,1,0.0,0,0,0,0,0,0,0,0.00,0.00,0.00,0.00,0.00,0.0,0.0,0.0,0.0,0.00,0.00,0.00,0.00,0.00,Matches,7aa8adfe
160,James Garner,eng ENG,MF,Everton,21-236,2001,5,0,97,1.1,0,0,0,0,0,1,0,0.00,0.00,0.00,0.00,0.00,0.1,0.1,0.0,0.1,0.05,0.00,0.05,0.05,0.05,Matches,4e015693
161,David de Gea,es ESP,GK,Manchester Utd,31-362,1990,12,12,1080,12.0,0,0,0,0,0,0,0,0.00,0.00,0.00,0.00,0.00,0.0,0.0,0.1,0.1,0.00,0.01,0.01,0.00,0.01,Matches,7ba6d84e
162,Joe Gelhardt,eng ENG,FWMF,Leeds United,20-184,2002,9,1,157,1.7,0,1,0,0,0,0,0,0.00,0.57,0.57,0.00,0.57,0.6,0.6,0.1,0.8,0.35,0.08,0.43,0.35,0.43,Matches,01962d0d
163,Saman Ghoddos,ir IRN,MFFW,Brentford,29-059,1993,5,0,33,0.4,0,0,0,0,0,0,0,0.00,0.00,0.00,0.00,0.00,0.0,0.0,0.0,0.0,0.00,0.00,0.00,0.00,0.00,Matches,f7b1d4e0
164,Morgan Gibbs-White,eng ENG,MF,Wolves,22-281,2000,2,2,180,2.0,0,0,0,0,0,1,0,0.00,0.00,0.00,0.00,0.00,0.7,0.7,0.1,0.8,0.36,0.04,0.40,0.36,0.40,Matches,32f60ed8
165,Morgan Gibbs-White,eng ENG,FWMF,Nott'ham Forest,22-281,2000,11,10,861,9.6,0,2,0,0,0,1,0,0.00,0.21,0.21,0.00,0.21,1.1,1.1,1.5,2.5,0.11,0.15,0.26,0.11,0.26,Matches,32f60ed8
166,Billy Gilmour,sct SCO,MF,Brighton,21-146,2001,3,0,7,0.1,0,0,0,0,0,0,0,0.00,0.00,0.00,0.00,0.00,0.0,0.0,0.0,0.0,0.00,0.00,0.00,0.00,0.00,Matches,df10e27c
167,Degnand Gnonto,it ITA,MF,Leeds United,18-364,2003,1,0,19,0.2,0,0,0,0,0,0,0,0.00,0.00,0.00,0.00,0.00,0.0,0.0,0.0,0.0,0.00,0.00,0.00,0.00,0.00,Matches,75fdd638
168,Ben Godfrey,eng ENG,DF,Everton,24-293,1998,1,1,17,0.2,0,0,0,0,0,0,0,0.00,0.00,0.00,0.00,0.00,0.0,0.0,0.0,0.0,0.00,0.00,0.00,0.00,0.00,Matches,9f7c837d
169,Toti Gomes,pt POR,DF,Wolves,23-292,1999,2,2,180,2.0,0,0,0,0,0,0,0,0.00,0.00,0.00,0.00,0.00,0.0,0.0,0.1,0.1,0.00,0.03,0.03,0.00,0.03,Matches,f0caab96
170,Joe Gomez,eng ENG,DF,Liverpool,25-165,1997,10,8,793,8.8,0,0,0,0,0,2,0,0.00,0.00,0.00,0.00,0.00,0.1,0.1,0.2,0.3,0.01,0.02,0.03,0.01,0.03,Matches,7a11550b
171,Sergio Gómez,es ESP,DFMF,Manchester City,22-061,2000,5,0,111,1.2,0,1,0,0,0,0,0,0.00,0.81,0.81,0.00,0.81,0.1,0.1,0.4,0.5,0.11,0.33,0.44,0.11,0.44,Matches,01e5f06e
172,Anthony Gordon,eng ENG,FWMF,Everton,21-253,2001,12,11,947,10.5,3,0,3,0,0,6,0,0.29,0.00,0.29,0.29,0.29,2.6,2.6,0.5,3.0,0.24,0.04,0.29,0.24,0.29,Matches,2bd83368
173,Demarai Gray,eng ENG,FWMF,Everton,26-129,1996,13,13,1104,12.3,1,0,1,0,0,1,0,0.08,0.00,0.08,0.08,0.08,2.2,2.2,2.0,4.1,0.18,0.16,0.34,0.18,0.34,Matches,4468ec10
174,Jack Grealish,eng ENG,FWMF,Manchester City,27-055,1995,7,5,484,5.4,1,0,1,0,0,0,0,0.19,0.00,0.19,0.19,0.19,0.8,0.8,1.2,1.9,0.14,0.22,0.36,0.14,0.36,Matches,b0b4fd3e
175,Sam Greenwood,eng ENG,MF,Leeds United,20-282,2002,4,1,106,1.2,0,0,0,0,0,0,0,0.00,0.00,0.00,0.00,0.00,0.2,0.2,0.0,0.3,0.21,0.04,0.25,0.21,0.25,Matches,f3354c07
176,Pascal Groß,de GER,MFFW,Brighton,31-142,1991,12,12,1012,11.2,4,2,4,0,0,1,0,0.36,0.18,0.53,0.36,0.53,2.5,2.5,3.4,5.9,0.23,0.30,0.52,0.23,0.52,Matches,8aec0537
177,Vicente Guaita,es ESP,GK,Crystal Palace,35-298,1987,12,12,1080,12.0,0,0,0,0,0,1,0,0.00,0.00,0.00,0.00,0.00,0.0,0.0,0.0,0.0,0.00,0.00,0.00,0.00,0.00,Matches,ab13a5aa
178,Gonçalo Guedes,pt POR,FWMF,Wolves,25-340,1996,10,6,526,5.8,0,1,0,0,0,1,0,0.00,0.17,0.17,0.00,0.17,0.7,0.7,0.5,1.2,0.12,0.08,0.20,0.12,0.20,Matches,e6bc67d7
179,Marc Guéhi,eng ENG,DF,Crystal Palace,22-114,2000,12,12,1080,12.0,0,0,0,0,0,4,0,0.00,0.00,0.00,0.00,0.00,0.2,0.2,0.1,0.4,0.02,0.01,0.03,0.02,0.03,Matches,d0706b27
180,Bruno Guimarães,br BRA,MF,Newcastle Utd,24-353,1997,10,10,812,9.0,2,2,2,0,0,1,0,0.22,0.22,0.44,0.22,0.44,0.5,0.5,1.3,1.8,0.06,0.14,0.20,0.06,0.20,Matches,82518f62
181,?lkay Gündo?an,de GER,MF,Manchester City,32-011,1990,10,8,712,7.9,2,1,2,0,0,0,0,0.25,0.13,0.38,0.25,0.38,1.6,1.6,2.0,3.6,0.20,0.25,0.45,0.20,0.45,Matches,819b3158
182,Erling Haaland,no NOR,FW,Manchester City,22-106,2000,11,11,920,10.2,17,3,15,2,2,0,0,1.66,0.29,1.96,1.47,1.76,9.9,8.3,2.2,10.6,0.97,0.22,1.19,0.82,1.04,Matches,1f44ac21
183,Luke Harris,wls WAL,MF,Fulham,17-215,2005,1,0,4,0.0,0,0,0,0,0,0,0,0.00,0.00,0.00,0.00,0.00,0.0,0.0,0.0,0.0,0.00,0.00,0.00,0.00,0.00,Matches,8c3078cd
184,Jack Harrison,eng ENG,MF,Leeds United,25-349,1996,12,11,892,9.9,1,3,1,0,0,2,0,0.10,0.30,0.40,0.10,0.40,1.3,1.3,1.9,3.2,0.13,0.19,0.32,0.13,0.32,Matches,aa849a12
185,Kai Havertz,de GER,FWMF,Chelsea,23-146,1999,11,10,802,8.9,3,0,3,0,0,3,0,0.34,0.00,0.34,0.34,0.34,2.7,2.7,0.4,3.1,0.31,0.04,0.35,0.31,0.35,Matches,fed7cb61
186,Jan Paul van Hecke,nl NED,DF,Brighton,22-149,2000,1,0,3,0.0,0,0,0,0,0,0,0,0.00,0.00,0.00,0.00,0.00,0.0,0.0,0.0,0.0,0.00,0.00,0.00,0.00,0.00,Matches,4fd08daa
187,Hwang Hee-chan,kr KOR,FW,Wolves,26-282,1996,10,2,258,2.9,0,1,0,0,0,0,0,0.00,0.35,0.35,0.00,0.35,0.4,0.4,0.7,1.1,0.15,0.24,0.39,0.15,0.39,Matches,169fd162
188,Dean Henderson,eng ENG,GK,Nott'ham Forest,25-237,1997,13,13,1170,13.0,0,0,0,0,0,1,0,0.00,0.00,0.00,0.00,0.00,0.0,0.0,0.0,0.0,0.00,0.00,0.00,0.00,0.00,Matches,e5a76dfe
189,Jordan Henderson,eng ENG,MF,Liverpool,32-140,1990,11,7,631,7.0,0,0,0,0,0,0,0,0.00,0.00,0.00,0.00,0.00,0.5,0.5,1.0,1.4,0.06,0.14,0.21,0.06,0.21,Matches,935e6b8f
190,Rico Henry,eng ENG,DF,Brentford,25-119,1997,13,13,1166,13.0,0,1,0,0,0,0,0,0.00,0.08,0.08,0.00,0.08,0.5,0.5,0.7,1.2,0.04,0.05,0.09,0.04,0.09,Matches,8a3c1dc7
191,Son Heung-min,kr KOR,MFFW,Tottenham,30-119,1992,13,12,1030,11.4,3,2,3,0,0,0,0,0.26,0.17,0.44,0.26,0.44,3.5,3.5,2.7,6.2,0.31,0.23,0.54,0.31,0.54,Matches,92e7e919
192,Aaron Hickey,sct SCO,DF,Brentford,20-147,2002,9,8,679,7.5,0,0,0,0,0,4,0,0.00,0.00,0.00,0.00,0.00,0.1,0.1,0.0,0.1,0.01,0.00,0.01,0.01,0.01,Matches,1780bb4a
193,Joseph Hodge,ie IRL,MF,Wolves,20-051,2002,3,0,79,0.9,0,0,0,0,0,1,0,0.00,0.00,0.00,0.00,0.00,0.1,0.1,0.0,0.1,0.13,0.00,0.13,0.13,0.13,Matches,bd8a5d95
194,Rob Holding,eng ENG,DF,Arsenal,27-045,1995,3,0,13,0.1,0,0,0,0,0,0,0,0.00,0.00,0.00,0.00,0.00,0.0,0.0,0.0,0.0,0.00,0.00,0.00,0.00,0.00,Matches,d79a8c87
195,Mason Holgate,eng ENG,DF,Everton,26-013,1996,4,3,320,3.6,0,0,0,0,0,1,0,0.00,0.00,0.00,0.00,0.00,0.3,0.3,0.3,0.6,0.08,0.08,0.16,0.08,0.16,Matches,d0042ab9
196,Will Hughes,eng ENG,MF,Crystal Palace,27-201,1995,7,0,79,0.9,0,0,0,0,0,0,0,0.00,0.00,0.00,0.00,0.00,0.1,0.1,0.0,0.1,0.17,0.00,0.17,0.17,0.17,Matches,a0666d3e
197,Pierre Højbjerg,dk DEN,MF,Tottenham,27-091,1995,12,12,1064,11.8,3,2,3,0,0,1,0,0.25,0.17,0.42,0.25,0.42,0.9,0.9,1.3,2.2,0.07,0.11,0.18,0.07,0.18,Matches,8b04d6c1
198,Kelechi Iheanacho,ng NGA,FWMF,Leicester City,26-032,1996,10,1,219,2.4,1,1,1,0,0,0,0,0.41,0.41,0.82,0.41,0.82,1.5,1.5,0.6,2.1,0.61,0.24,0.85,0.61,0.85,Matches,c92e1a31
199,Danny Ings,eng ENG,FW,Aston Villa,30-104,1992,12,7,632,7.0,3,0,2,1,1,3,0,0.43,0.00,0.43,0.28,0.28,2.7,1.9,0.3,2.2,0.39,0.04,0.43,0.28,0.32,Matches,07802f7f
200,Alexander Isak,se SWE,FW,Newcastle Utd,23-044,1999,3,3,242,2.7,2,0,1,1,1,0,0,0.74,0.00,0.74,0.37,0.37,2.2,1.4,0.3,1.7,0.82,0.10,0.93,0.53,0.63,Matches,8e92be30
201,Alex Iwobi,ng NGA,MF,Everton,26-185,1996,13,13,1152,12.8,1,5,1,0,0,1,0,0.08,0.39,0.47,0.08,0.47,0.4,0.4,1.9,2.3,0.03,0.15,0.18,0.03,0.18,Matches,6ca5ec4b
202,Daniel James,wls WAL,MF,Leeds United,24-359,1997,4,2,198,2.2,0,0,0,0,0,0,0,0.00,0.00,0.00,0.00,0.00,0.3,0.3,0.3,0.6,0.12,0.15,0.27,0.12,0.27,Matches,c931d9f9
203,Daniel James,wls WAL,MF,Fulham,24-359,1997,6,3,260,2.9,0,0,0,0,0,0,0,0.00,0.00,0.00,0.00,0.00,0.6,0.6,0.3,0.8,0.19,0.10,0.29,0.19,0.29,Matches,c931d9f9
204,Reece James,eng ENG,DFMF,Chelsea,22-331,1999,7,6,559,6.2,1,1,1,0,0,3,0,0.16,0.16,0.32,0.16,0.32,0.7,0.7,1.6,2.2,0.11,0.25,0.36,0.11,0.36,Matches,1265a93a
205,Vitaly Janelt,de GER,MFDF,Brentford,24-178,1998,13,9,884,9.8,1,1,1,0,0,0,0,0.10,0.10,0.20,0.10,0.20,1.0,1.0,0.7,1.6,0.10,0.07,0.16,0.10,0.16,Matches,8449d35e
206,Pontus Jansson,se SWE,DF,Brentford,31-264,1991,6,6,514,5.7,0,0,0,0,0,0,0,0.00,0.00,0.00,0.00,0.00,0.0,0.0,0.0,0.0,0.00,0.00,0.00,0.00,0.00,Matches,172e52d8
207,Mathias Jensen,dk DEN,MF,Brentford,26-307,1996,13,13,952,10.6,1,2,1,0,0,1,0,0.09,0.19,0.28,0.09,0.28,0.4,0.4,1.6,2.0,0.04,0.15,0.19,0.04,0.19,Matches,0f134faf
208,Gabriel Jesus,br BRA,FW,Arsenal,25-215,1997,12,12,1039,11.5,5,5,5,0,0,4,0,0.43,0.43,0.87,0.43,0.87,6.8,6.8,2.6,9.4,0.59,0.22,0.82,0.59,0.82,Matches,b66315ae
209,Raúl Jiménez,mx MEX,FW,Wolves,31-183,1991,3,2,212,2.4,0,0,0,0,0,0,0,0.00,0.00,0.00,0.00,0.00,0.8,0.8,0.4,1.2,0.33,0.19,0.51,0.33,0.51,Matches,b561db50
210,Joelinton,br BRA,MFFW,Newcastle Utd,26-082,1996,12,11,970,10.8,1,1,1,0,0,5,0,0.09,0.09,0.19,0.09,0.19,2.2,2.2,0.7,2.8,0.20,0.06,0.26,0.20,0.26,Matches,c17bfb65
211,Ben Johnson,eng ENG,DF,West Ham,22-284,2000,7,6,488,5.4,0,0,0,0,0,0,0,0.00,0.00,0.00,0.00,0.00,0.0,0.0,0.2,0.2,0.00,0.03,0.03,0.00,0.03,Matches,9319781b
212,Brennan Johnson,wls WAL,FWMF,Nott'ham Forest,21-165,2001,13,11,1007,11.2,2,0,1,1,2,2,0,0.18,0.00,0.18,0.09,0.09,2.6,1.0,0.5,1.6,0.23,0.05,0.28,0.09,0.14,Matches,0cd31129
213,Curtis Jones,eng ENG,MF,Liverpool,21-278,2001,3,1,155,1.7,0,0,0,0,0,0,0,0.00,0.00,0.00,0.00,0.00,0.2,0.2,0.2,0.4,0.11,0.11,0.21,0.11,0.21,Matches,4fb9c88f
214,Jorginho,it ITA,MF,Chelsea,30-319,1991,11,9,723,8.0,2,0,0,2,2,2,0,0.25,0.00,0.25,0.00,0.00,1.7,0.1,0.2,0.3,0.21,0.03,0.24,0.01,0.04,Matches,45db685d
215,Diogo Jota,pt POR,MFFW,Liverpool,25-335,1996,4,2,196,2.2,0,1,0,0,0,1,0,0.00,0.46,0.46,0.00,0.46,0.8,0.8,0.8,1.6,0.35,0.38,0.73,0.35,0.73,Matches,178ae8f8
216,James Justin,eng ENG,DF,Leicester City,24-254,1998,13,13,1162,12.9,0,0,0,0,0,0,0,0.00,0.00,0.00,0.00,0.00,0.3,0.3,0.3,0.6,0.02,0.03,0.05,0.02,0.05,Matches,fb614c44
217,Mathias Jørgensen,dk DEN,DF,Brentford,32-195,1990,6,4,357,4.0,0,0,0,0,0,0,0,0.00,0.00,0.00,0.00,0.00,0.4,0.4,0.1,0.5,0.11,0.01,0.12,0.11,0.12,Matches,0db5d2c8
218,Sasa Kalajdzic,at AUT,FW,Wolves,25-120,1997,1,1,45,0.5,0,0,0,0,0,0,0,0.00,0.00,0.00,0.00,0.00,0.3,0.3,0.0,0.3,0.53,0.00,0.53,0.53,0.53,Matches,15f24fe7
219,Boubacar Kamara,fr FRA,MF,Aston Villa,22-346,1999,7,7,566,6.3,0,0,0,0,0,1,0,0.00,0.00,0.00,0.00,0.00,0.0,0.0,0.1,0.1,0.00,0.01,0.02,0.00,0.02,Matches,cc77354e
220,Harry Kane,eng ENG,FW,Tottenham,29-099,1993,13,13,1155,12.8,10,1,8,2,3,4,0,0.78,0.08,0.86,0.62,0.70,8.9,6.5,2.3,8.8,0.69,0.18,0.87,0.51,0.69,Matches,21a66f6a
221,N'Golo Kanté,fr FRA,MF,Chelsea,31-220,1991,2,2,174,1.9,0,0,0,0,0,0,0,0.00,0.00,0.00,0.00,0.00,0.1,0.1,0.3,0.4,0.05,0.13,0.18,0.05,0.18,Matches,b9fbae28
222,Michael Keane,eng ENG,DF,Everton,29-297,1993,1,0,23,0.3,0,0,0,0,0,0,0,0.00,0.00,0.00,0.00,0.00,0.0,0.0,0.0,0.0,0.00,0.00,0.00,0.00,0.00,Matches,c5b7c315
223,Neeskens Kebano,cd COD,MF,Fulham,30-239,1992,12,9,713,7.9,0,3,0,0,0,0,0,0.00,0.38,0.38,0.00,0.38,0.5,0.5,1.4,1.8,0.06,0.17,0.23,0.06,0.23,Matches,18b999f4
224,Thilo Kehrer,de GER,DF,West Ham,26-044,1996,11,11,990,11.0,0,0,0,0,0,4,0,0.00,0.00,0.00,0.00,0.00,0.3,0.3,0.2,0.5,0.03,0.02,0.05,0.03,0.05,Matches,51dbeea9
225,Lloyd Kelly,eng ENG,DF,Bournemouth,24-029,1998,5,5,450,5.0,0,2,0,0,0,0,0,0.00,0.40,0.40,0.00,0.40,0.0,0.0,0.1,0.1,0.00,0.03,0.03,0.00,0.03,Matches,f31def1e
226,Max Kilman,eng ENG,DF,Wolves,25-165,1997,13,13,1170,13.0,0,0,0,0,0,0,0,0.00,0.00,0.00,0.00,0.00,0.6,0.6,0.0,0.6,0.04,0.00,0.04,0.04,0.04,Matches,d0f72bf1
227,Mateusz Klich,pl POL,MFFW,Leeds United,32-144,1990,11,0,199,2.2,0,0,0,0,0,1,0,0.00,0.00,0.00,0.00,0.00,0.1,0.1,0.2,0.3,0.06,0.09,0.15,0.06,0.15,Matches,282679b4
228,Robin Koch,de GER,DF,Leeds United,26-110,1996,12,12,1035,11.5,0,0,0,0,0,3,0,0.00,0.00,0.00,0.00,0.00,0.1,0.1,0.0,0.1,0.01,0.00,0.01,0.01,0.01,Matches,ea6bc03a
229,Ibrahima Konaté,fr FRA,DF,Liverpool,23-163,1999,1,0,22,0.2,0,0,0,0,0,0,0,0.00,0.00,0.00,0.00,0.00,0.0,0.0,0.0,0.0,0.00,0.00,0.00,0.00,0.00,Matches,5ed9b537
230,Ezri Konsa,eng ENG,DF,Aston Villa,25-012,1997,13,12,1081,12.0,0,0,0,0,0,2,0,0.00,0.00,0.00,0.00,0.00,0.5,0.5,0.5,0.9,0.04,0.04,0.08,0.04,0.08,Matches,0313a347
231,Kalidou Koulibaly,sn SEN,DF,Chelsea,31-137,1991,8,7,652,7.2,1,0,1,0,0,3,1,0.14,0.00,0.14,0.14,0.14,0.4,0.4,0.2,0.5,0.05,0.02,0.07,0.05,0.07,Matches,da974c7b
232,Cheikhou Kouyaté,sn SEN,MFDF,Nott'ham Forest,32-318,1989,10,7,569,6.3,1,0,1,0,0,2,0,0.16,0.00,0.16,0.16,0.16,0.3,0.3,0.4,0.7,0.05,0.06,0.11,0.05,0.11,Matches,8d3c902d
233,Mateo Kova?i?,hr CRO,MF,Chelsea,28-182,1994,9,4,532,5.9,0,1,0,0,0,2,0,0.00,0.17,0.17,0.00,0.17,0.3,0.3,0.5,0.8,0.05,0.08,0.13,0.05,0.13,Matches,79c0821a
234,Emil Krafth,se SWE,DF,Newcastle Utd,28-094,1994,1,0,1,0.0,0,0,0,0,0,0,0,0.00,0.00,0.00,0.00,0.00,0.0,0.0,0.0,0.0,0.00,0.00,0.00,0.00,0.00,Matches,77cf6852
235,Dejan Kulusevski,se SWE,MF,Tottenham,22-193,2000,7,6,499,5.5,1,3,1,0,0,0,0,0.18,0.54,0.72,0.18,0.72,0.8,0.8,1.6,2.3,0.14,0.28,0.42,0.14,0.42,Matches,df3cda47
236,Layvin Kurzawa,fr FRA,DF,Fulham,30-061,1992,1,1,44,0.5,0,0,0,0,0,0,0,0.00,0.00,0.00,0.00,0.00,0.0,0.0,0.0,0.0,0.00,0.00,0.00,0.00,0.00,Matches,41e7ef1c
237,Adam Lallana,eng ENG,MFFW,Brighton,34-178,1988,9,6,421,4.7,0,0,0,0,0,0,0,0.00,0.00,0.00,0.00,0.00,0.5,0.5,0.6,1.1,0.11,0.12,0.24,0.11,0.24,Matches,99813635
238,Tariq Lamptey,gh GHA,DFMF,Brighton,22-035,2000,10,0,178,2.0,0,0,0,0,0,1,0,0.00,0.00,0.00,0.00,0.00,0.0,0.0,0.0,0.0,0.00,0.01,0.01,0.00,0.01,Matches,f4e433d4
239,Manuel Lanzini,ar ARG,MF,West Ham,29-262,1993,4,1,99,1.1,0,0,0,0,0,0,0,0.00,0.00,0.00,0.00,0.00,0.1,0.1,0.0,0.1,0.05,0.00,0.05,0.05,0.05,Matches,26f6dca8
240,Aymeric Laporte,es ESP,DF,Manchester City,28-161,1994,3,2,196,2.2,0,0,0,0,0,0,0,0.00,0.00,0.00,0.00,0.00,0.1,0.1,0.0,0.2,0.05,0.02,0.07,0.05,0.07,Matches,119b9a8e
241,Juan Larios,es ESP,DF,Southampton,18-296,2004,4,1,119,1.3,0,0,0,0,0,0,0,0.00,0.00,0.00,0.00,0.00,0.0,0.0,0.0,0.0,0.00,0.00,0.00,0.00,0.00,Matches,cf7fb13a
242,Jamaal Lascelles,eng ENG,DF,Newcastle Utd,28-358,1993,4,1,107,1.2,0,0,0,0,0,1,0,0.00,0.00,0.00,0.00,0.00,0.1,0.1,0.0,0.1,0.06,0.00,0.06,0.06,0.06,Matches,450ab6fc
243,Roméo Lavia,be BEL,MF,Southampton,18-302,2004,5,5,419,4.7,1,0,1,0,0,1,0,0.21,0.00,0.21,0.21,0.21,0.2,0.2,0.1,0.3,0.04,0.03,0.07,0.04,0.07,Matches,ecad9aa5
244,Clément Lenglet,fr FRA,DF,Tottenham,27-140,1995,6,5,425,4.7,0,1,0,0,0,0,0,0.00,0.21,0.21,0.00,0.21,0.4,0.4,0.4,0.8,0.08,0.08,0.16,0.08,0.16,Matches,4f28a6ff
245,Bernd Leno,de GER,GK,Fulham,30-245,1992,11,11,990,11.0,0,0,0,0,0,0,0,0.00,0.00,0.00,0.00,0.00,0.0,0.0,0.0,0.0,0.00,0.00,0.00,0.00,0.00,Matches,2628fd2b
246,Jefferson Lerma,co COL,MFDF,Bournemouth,28-010,1994,13,13,1170,13.0,2,0,2,0,0,2,0,0.15,0.00,0.15,0.15,0.15,1.1,1.1,0.2,1.2,0.08,0.01,0.09,0.08,0.09,Matches,9b5ce51a
247,Jamal Lewis,nir NIR,DF,Newcastle Utd,24-283,1998,1,0,8,0.1,0,0,0,0,0,0,0,0.00,0.00,0.00,0.00,0.00,0.0,0.0,0.0,0.0,0.00,0.00,0.00,0.00,0.00,Matches,efb9215a
248,Rico Lewis,eng ENG,DFMF,Manchester City,17-348,2004,3,0,38,0.4,0,0,0,0,0,0,0,0.00,0.00,0.00,0.00,0.00,0.0,0.0,0.0,0.0,0.00,0.00,0.00,0.00,0.00,Matches,b57e066e
249,Keane Lewis-Potter,eng ENG,FWMF,Brentford,21-255,2001,6,2,228,2.5,0,1,0,0,0,0,0,0.00,0.39,0.39,0.00,0.39,0.5,0.5,1.2,1.7,0.19,0.49,0.68,0.19,0.68,Matches,41f08ac8
250,Victor Lindelöf,se SWE,DF,Manchester Utd,28-110,1994,3,1,172,1.9,0,0,0,0,0,0,0,0.00,0.00,0.00,0.00,0.00,0.0,0.0,0.0,0.0,0.00,0.00,0.00,0.00,0.00,Matches,f5deef4c
251,Jesse Lingard,eng ENG,MFFW,Nott'ham Forest,29-324,1992,11,9,717,8.0,0,0,0,0,0,1,0,0.00,0.00,0.00,0.00,0.00,0.9,0.9,0.4,1.3,0.11,0.05,0.16,0.11,0.16,Matches,810e3c74
252,Diego Llorente,es ESP,DF,Leeds United,29-080,1993,7,7,630,7.0,0,0,0,0,0,1,0,0.00,0.00,0.00,0.00,0.00,0.7,0.7,0.0,0.7,0.10,0.00,0.10,0.10,0.10,Matches,bba30585
253,Hugo Lloris,fr FRA,GK,Tottenham,35-313,1986,13,13,1170,13.0,0,0,0,0,0,0,0,0.00,0.00,0.00,0.00,0.00,0.0,0.0,0.0,0.0,0.00,0.00,0.00,0.00,0.00,Matches,8f62b6ee
254,Renan Lodi,br BRA,DF,Nott'ham Forest,24-210,1998,6,5,420,4.7,0,0,0,0,0,1,0,0.00,0.00,0.00,0.00,0.00,0.4,0.4,0.1,0.5,0.08,0.03,0.11,0.08,0.11,Matches,ed9f7cfe
255,Ruben Loftus-Cheek,eng ENG,MFDF,Chelsea,26-285,1996,12,10,871,9.7,0,0,0,0,0,1,0,0.00,0.00,0.00,0.00,0.00,0.8,0.8,0.9,1.8,0.09,0.09,0.18,0.09,0.18,Matches,e97fd090
256,Sean Longstaff,eng ENG,MF,Newcastle Utd,25-005,1997,13,9,876,9.7,1,2,1,0,0,1,0,0.10,0.21,0.31,0.10,0.31,0.7,0.7,1.8,2.4,0.07,0.18,0.25,0.07,0.25,Matches,a2b105e0
257,Jamal Lowe,jm JAM,FW,Bournemouth,28-106,1994,1,0,1,0.0,0,0,0,0,0,0,0,0.00,0.00,0.00,0.00,0.00,0.0,0.0,0.0,0.0,0.00,0.00,0.00,0.00,0.00,Matches,b2856bc0
258,Douglas Luiz,br BRA,MF,Aston Villa,24-179,1998,12,8,758,8.4,1,1,1,0,0,1,1,0.12,0.12,0.24,0.12,0.24,0.2,0.2,1.1,1.3,0.03,0.13,0.16,0.03,0.16,Matches,6f7d826d
259,Lyanco,br BRA,DF,Southampton,25-276,1997,6,2,217,2.4,0,0,0,0,0,2,0,0.00,0.00,0.00,0.00,0.00,0.1,0.1,0.0,0.1,0.04,0.00,0.04,0.04,0.04,Matches,b5bf1770
260,Alexis Mac Allister,ar ARG,MF,Brighton,23-315,1998,12,12,1076,12.0,4,0,1,3,3,4,0,0.33,0.00,0.33,0.08,0.08,3.0,0.6,0.6,1.3,0.25,0.05,0.31,0.05,0.11,Matches,83d074ff
261,James Maddison,eng ENG,MFFW,Leicester City,25-346,1996,11,11,984,10.9,6,2,6,0,0,5,0,0.55,0.18,0.73,0.55,0.73,1.9,1.9,2.1,3.9,0.17,0.19,0.36,0.17,0.36,Matches,ee38d9c5
262,Harry Maguire,eng ENG,DF,Manchester Utd,29-244,1993,4,3,281,3.1,0,0,0,0,0,3,0,0.00,0.00,0.00,0.00,0.00,0.2,0.2,0.0,0.2,0.07,0.01,0.08,0.07,0.08,Matches,d8931174
263,Riyad Mahrez,dz ALG,MFFW,Manchester City,31-256,1991,9,4,372,4.1,1,0,1,0,0,1,0,0.24,0.00,0.24,0.24,0.24,1.2,1.2,0.5,1.6,0.28,0.11,0.39,0.28,0.39,Matches,892d5bb1
264,Ainsley Maitland-Niles,eng ENG,MF,Southampton,25-067,1997,5,3,290,3.2,0,0,0,0,0,2,0,0.00,0.00,0.00,0.00,0.00,0.0,0.0,0.0,0.0,0.00,0.00,0.00,0.00,0.00,Matches,e3a5814e
265,Tyrell Malacia,nl NED,DF,Manchester Utd,23-079,1999,7,5,451,5.0,0,0,0,0,0,2,0,0.00,0.00,0.00,0.00,0.00,0.0,0.0,0.0,0.0,0.01,0.00,0.01,0.01,0.01,Matches,6b6c793c
266,Orel Mangala,be BEL,MF,Nott'ham Forest,24-231,1998,7,3,267,3.0,0,0,0,0,0,0,0,0.00,0.00,0.00,0.00,0.00,0.2,0.2,0.0,0.2,0.06,0.02,0.08,0.06,0.08,Matches,a572e291
267,Sekou Mara,fr FRA,FWMF,Southampton,20-097,2002,9,2,214,2.4,0,1,0,0,0,0,0,0.00,0.42,0.42,0.00,0.42,0.7,0.7,0.5,1.2,0.29,0.21,0.50,0.29,0.50,Matches,3544641e
268,Solly March,eng ENG,DFMF,Brighton,28-107,1994,12,12,1034,11.5,0,2,0,0,0,1,0,0.00,0.17,0.17,0.00,0.17,2.3,2.3,1.1,3.4,0.20,0.10,0.30,0.20,0.30,Matches,bb5fbd2b
269,Emiliano Marcondes,dk DEN,MF,Bournemouth,27-240,1995,1,0,9,0.1,0,0,0,0,0,0,0,0.00,0.00,0.00,0.00,0.00,0.0,0.0,0.0,0.0,0.00,0.00,0.00,0.00,0.00,Matches,4d960fc3
270,Marquinhos,br BRA,MF,Arsenal,19-211,2003,1,0,1,0.0,0,0,0,0,0,0,0,0.00,0.00,0.00,0.00,0.00,0.0,0.0,0.0,0.0,0.00,0.00,0.00,0.00,0.00,Matches,59878425
271,Anthony Martial,fr FRA,FW,Manchester Utd,26-334,1995,3,1,105,1.2,2,2,1,1,1,0,0,1.71,1.71,3.43,0.86,2.57,1.3,0.5,0.7,1.2,1.09,0.62,1.70,0.41,1.03,Matches,8b788c01
272,Martinelli,br BRA,MFFW,Arsenal,21-139,2001,12,12,1002,11.1,5,2,5,0,0,1,0,0.45,0.18,0.63,0.45,0.63,2.8,2.8,3.0,5.8,0.25,0.27,0.52,0.25,0.52,Matches,48a5a5d6
273,Emiliano Martínez,ar ARG,GK,Aston Villa,30-063,1992,13,13,1114,12.4,0,0,0,0,0,0,0,0.00,0.00,0.00,0.00,0.00,0.0,0.0,0.1,0.1,0.00,0.01,0.01,0.00,0.01,Matches,7956236f
274,Lisandro Martínez,ar ARG,DF,Manchester Utd,24-290,1998,12,12,1024,11.4,0,0,0,0,0,3,0,0.00,0.00,0.00,0.00,0.00,0.1,0.1,0.0,0.1,0.01,0.00,0.01,0.01,0.01,Matches,bac46a10
275,Jean-Philippe Mateta,fr FRA,FW,Crystal Palace,25-129,1997,10,2,251,2.8,1,0,1,0,0,2,0,0.36,0.00,0.36,0.36,0.36,1.2,1.2,0.5,1.7,0.42,0.18,0.60,0.42,0.60,Matches,50e6dc35
276,Joël Matip,cm CMR,DF,Liverpool,31-088,1991,4,3,259,2.9,0,0,0,0,0,0,0,0.00,0.00,0.00,0.00,0.00,0.0,0.0,0.0,0.0,0.00,0.00,0.00,0.00,0.00,Matches,b217ef29
277,Neal Maupay,fr FRA,FW,Everton,26-082,1996,8,5,450,5.0,1,0,1,0,0,1,0,0.20,0.00,0.20,0.20,0.20,1.6,1.6,0.4,2.1,0.32,0.09,0.41,0.32,0.41,Matches,4bcf39f6
278,Kevin Mbabu,ch SUI,DF,Fulham,27-199,1995,5,1,133,1.5,0,1,0,0,0,1,0,0.00,0.68,0.68,0.00,0.68,0.0,0.0,0.4,0.4,0.00,0.27,0.27,0.00,0.27,Matches,493924a7
279,Bryan Mbeumo,cm CMR,FW,Brentford,23-089,1999,13,13,967,10.7,2,1,2,0,0,1,0,0.19,0.09,0.28,0.19,0.28,2.6,2.6,1.3,4.0,0.25,0.12,0.37,0.25,0.37,Matches,6afaebf2
280,John McGinn,sct SCO,MF,Aston Villa,28-017,1994,13,11,945,10.5,0,0,0,0,0,3,0,0.00,0.00,0.00,0.00,0.00,1.0,1.0,0.7,1.7,0.10,0.07,0.17,0.10,0.17,Matches,90f91999
281,Scott McKenna,sct SCO,DF,Nott'ham Forest,25-357,1996,13,13,1170,13.0,0,0,0,0,0,4,0,0.00,0.00,0.00,0.00,0.00,0.1,0.1,0.8,0.9,0.01,0.06,0.07,0.01,0.07,Matches,4e5a4cbc
282,Dwight McNeil,eng ENG,FWMF,Everton,22-347,1999,13,6,590,6.6,2,0,2,0,0,2,0,0.31,0.00,0.31,0.31,0.31,0.5,0.5,1.1,1.6,0.08,0.16,0.24,0.08,0.24,Matches,fc15fb84
283,Scott McTominay,sct SCO,MF,Manchester Utd,25-331,1996,11,6,604,6.7,0,0,0,0,0,5,0,0.00,0.00,0.00,0.00,0.00,0.4,0.4,0.2,0.6,0.06,0.03,0.09,0.06,0.09,Matches,d93c2511
284,Ben Mee,eng ENG,DF,Brentford,33-044,1989,12,12,1028,11.4,2,0,2,0,0,1,0,0.18,0.00,0.18,0.18,0.18,1.2,1.2,0.1,1.3,0.11,0.00,0.11,0.11,0.11,Matches,8df7a2fb
285,Edouard Mendy,sn SEN,GK,Chelsea,30-248,1992,7,6,585,6.5,0,0,0,0,0,1,0,0.00,0.00,0.00,0.00,0.00,0.0,0.0,0.0,0.0,0.00,0.00,0.00,0.00,0.00,Matches,33887998
286,Nampalys Mendy,sn SEN,MF,Leicester City,30-134,1992,4,0,128,1.4,0,0,0,0,0,0,0,0.00,0.00,0.00,0.00,0.00,0.0,0.0,0.0,0.0,0.00,0.00,0.00,0.00,0.00,Matches,1598599e
287,Chris Mepham,wls WAL,DF,Bournemouth,24-364,1997,13,13,1161,12.9,0,0,0,0,0,4,0,0.00,0.00,0.00,0.00,0.00,0.2,0.2,0.0,0.3,0.02,0.00,0.02,0.02,0.02,Matches,fed96827
288,Illan Meslier,fr FRA,GK,Leeds United,22-247,2000,12,12,1080,12.0,0,0,0,0,0,0,0,0.00,0.00,0.00,0.00,0.00,0.0,0.0,0.0,0.0,0.00,0.00,0.00,0.00,0.00,Matches,6b625ac2
289,Alexander Mighten,eng ENG,MF,Nott'ham Forest,20-207,2002,1,0,8,0.1,0,0,0,0,0,0,0,0.00,0.00,0.00,0.00,0.00,0.0,0.0,0.0,0.0,0.00,0.00,0.00,0.00,0.00,Matches,10ec4169
290,Luka Milivojevi?,rs SRB,MF,Crystal Palace,31-211,1991,8,2,265,2.9,0,0,0,0,0,0,0,0.00,0.00,0.00,0.00,0.00,0.2,0.2,0.0,0.3,0.08,0.01,0.09,0.08,0.09,Matches,2ce2508a
291,James Milner,eng ENG,DFMF,Liverpool,36-304,1986,11,4,446,5.0,0,1,0,0,0,0,0,0.00,0.20,0.20,0.00,0.20,0.3,0.3,0.7,1.0,0.07,0.14,0.21,0.07,0.21,Matches,2f90f6b8
292,Yerry Mina,co COL,DF,Everton,28-042,1994,1,1,69,0.8,0,0,0,0,0,1,0,0.00,0.00,0.00,0.00,0.00,0.0,0.0,0.0,0.0,0.00,0.00,0.00,0.00,0.00,Matches,6d5701f2
293,Tyrone Mings,eng ENG,DF,Aston Villa,29-236,1993,11,11,990,11.0,0,0,0,0,0,1,0,0.00,0.00,0.00,0.00,0.00,0.0,0.0,0.1,0.1,0.00,0.01,0.01,0.00,0.01,Matches,8397a50c
294,Tyrick Mitchell,eng ENG,DF,Crystal Palace,23-064,1999,12,10,828,9.2,0,2,0,0,0,1,0,0.00,0.22,0.22,0.00,0.22,0.0,0.0,0.5,0.5,0.00,0.06,0.06,0.00,0.06,Matches,5cbd1eb0
295,Kaoru Mitoma,jp JPN,MFDF,Brighton,25-168,1997,8,1,225,2.5,0,1,0,0,0,0,0,0.00,0.40,0.40,0.00,0.40,0.0,0.0,2.1,2.1,0.02,0.84,0.86,0.02,0.86,Matches,74618572
296,Aleksandar Mitrovi?,rs SRB,FW,Fulham,28-049,1994,12,12,1017,11.3,9,0,6,3,4,4,0,0.80,0.00,0.80,0.53,0.53,7.7,4.6,1.3,6.0,0.69,0.12,0.81,0.41,0.53,Matches,3925dbd6
297,Kieffer Moore,wls WAL,FW,Bournemouth,30-088,1992,13,6,593,6.6,3,0,3,0,0,0,0,0.46,0.00,0.46,0.46,0.46,0.7,0.7,0.3,1.0,0.11,0.04,0.15,0.11,0.15,Matches,01ce9e70
298,Mason Mount,eng ENG,MF,Chelsea,23-298,1999,12,11,881,9.8,2,2,2,0,0,2,0,0.20,0.20,0.41,0.20,0.41,1.5,1.5,1.5,3.0,0.15,0.15,0.30,0.15,0.30,Matches,9674002f
299,Lucas Moura,br BRA,MFDF,Tottenham,30-083,1992,6,0,94,1.0,0,0,0,0,0,0,0,0.00,0.00,0.00,0.00,0.00,0.1,0.1,0.0,0.1,0.08,0.04,0.13,0.08,0.13,Matches,2b622f01
300,João Moutinho,pt POR,MF,Wolves,36-057,1986,11,9,840,9.3,0,0,0,0,0,2,0,0.00,0.00,0.00,0.00,0.00,0.8,0.8,1.5,2.3,0.09,0.16,0.24,0.09,0.24,Matches,f5a00fa4
301,Jacob Murphy,eng ENG,FW,Newcastle Utd,27-253,1995,13,4,420,4.7,1,0,1,0,0,0,0,0.21,0.00,0.21,0.21,0.21,0.8,0.8,0.5,1.3,0.17,0.12,0.29,0.17,0.29,Matches,de112b84
302,Enock Mwepu,zm ZAM,FWMF,Brighton,24-307,1998,6,2,213,2.4,0,1,0,0,0,0,0,0.00,0.42,0.42,0.00,0.42,0.2,0.2,0.5,0.7,0.09,0.20,0.29,0.09,0.29,Matches,1d5cab82
303,Vitaliy Mykolenko,ua UKR,DFMF,Everton,23-159,1999,13,13,1165,12.9,0,0,0,0,0,2,0,0.00,0.00,0.00,0.00,0.00,0.4,0.4,0.4,0.8,0.03,0.03,0.06,0.03,0.06,Matches,30d4a2e5
304,Wilfred Ndidi,ng NGA,MFDF,Leicester City,25-323,1996,8,7,581,6.5,0,0,0,0,0,1,0,0.00,0.00,0.00,0.00,0.00,0.1,0.1,0.0,0.1,0.01,0.00,0.01,0.01,0.01,Matches,6b47c5db
305,Reiss Nelson,eng ENG,FW,Arsenal,22-329,1999,1,0,64,0.7,2,1,2,0,0,0,0,2.81,1.41,4.22,2.81,4.22,0.6,0.6,0.1,0.7,0.89,0.11,1.00,0.89,1.00,Matches,c5bdb6e3
306,Neto,br BRA,GK,Bournemouth,33-108,1989,8,8,675,7.5,0,0,0,0,0,2,0,0.00,0.00,0.00,0.00,0.00,0.0,0.0,0.0,0.0,0.00,0.00,0.00,0.00,0.00,Matches,a9dc785c
307,Pedro Neto,pt POR,FWMF,Wolves,22-240,2000,8,8,599,6.7,0,0,0,0,0,1,0,0.00,0.00,0.00,0.00,0.00,0.7,0.7,1.2,1.9,0.10,0.18,0.28,0.10,0.28,Matches,7ba2eaa9
308,Rúben Neves,pt POR,MFDF,Wolves,25-236,1997,12,12,1080,12.0,3,0,2,1,1,6,0,0.25,0.00,0.25,0.17,0.17,1.4,0.6,0.3,0.9,0.12,0.02,0.14,0.05,0.07,Matches,44bfb6c5
309,Moussa Niakhate,fr FRA,DF,Nott'ham Forest,26-241,1996,2,2,160,1.8,0,0,0,0,0,0,0,0.00,0.00,0.00,0.00,0.00,0.3,0.3,0.0,0.3,0.15,0.00,0.15,0.15,0.15,Matches,00242715
310,Rasmus Nissen,dk DEN,DF,Leeds United,25-116,1997,10,10,870,9.7,0,0,0,0,0,3,0,0.00,0.00,0.00,0.00,0.00,0.2,0.2,0.6,0.9,0.03,0.07,0.09,0.03,0.09,Matches,39769cff
311,Eddie Nketiah,eng ENG,FWMF,Arsenal,23-158,1999,12,0,152,1.7,0,0,0,0,0,0,0,0.00,0.00,0.00,0.00,0.00,0.7,0.7,0.2,0.9,0.41,0.10,0.51,0.41,0.51,Matches,a53649b7
312,Matheus Nunes,pt POR,MF,Wolves,24-069,1998,11,11,846,9.4,0,1,0,0,0,1,0,0.00,0.11,0.11,0.00,0.11,1.1,1.1,1.2,2.3,0.12,0.13,0.25,0.12,0.25,Matches,e6af02e0
313,Darwin Núñez,uy URU,FW,Liverpool,23-133,1999,8,5,432,4.8,3,1,3,0,0,0,1,0.62,0.21,0.83,0.62,0.83,3.6,3.6,1.4,5.0,0.75,0.30,1.05,0.75,1.05,Matches,4d77b365
314,Ethan Nwaneri,eng ENG,MF,Arsenal,15-228,2007,1,0,1,0.0,0,0,0,0,0,0,0,0.00,0.00,0.00,0.00,0.00,0.0,0.0,0.0,0.0,0.00,0.00,0.00,0.00,0.00,Matches,7f94982c
315,Christian Nørgaard,dk DEN,MF,Brentford,28-239,1994,4,4,309,3.4,1,0,1,0,0,0,0,0.29,0.00,0.29,0.29,0.29,0.4,0.4,0.1,0.5,0.12,0.03,0.14,0.12,0.14,Matches,df0a4c90
316,Lewis O'Brien,eng ENG,MF,Nott'ham Forest,24-021,1998,9,6,495,5.5,1,0,1,0,0,2,0,0.18,0.00,0.18,0.18,0.18,0.3,0.3,0.2,0.5,0.05,0.04,0.09,0.05,0.09,Matches,089667a5
317,Angelo Ogbonna,it ITA,DF,West Ham,34-165,1988,2,0,27,0.3,0,0,0,0,0,0,0,0.00,0.00,0.00,0.00,0.00,0.0,0.0,0.1,0.1,0.00,0.39,0.39,0.00,0.39,Matches,74b2cd7e
318,Michael Olise,fr FRA,MFFW,Crystal Palace,20-327,2001,11,6,574,6.4,0,2,0,0,0,1,0,0.00,0.31,0.31,0.00,0.31,0.7,0.7,1.4,2.1,0.11,0.22,0.33,0.11,0.33,Matches,c4486bac
319,Robin Olsen,se SWE,GK,Aston Villa,32-300,1990,1,0,56,0.6,0,0,0,0,0,0,0,0.00,0.00,0.00,0.00,0.00,0.0,0.0,0.0,0.0,0.00,0.00,0.00,0.00,0.00,Matches,e7ee38c3
320,Amadou Onana,be BEL,MF,Everton,21-080,2001,12,10,901,10.0,0,1,0,0,0,4,0,0.00,0.10,0.10,0.00,0.10,1.5,1.5,0.9,2.4,0.15,0.09,0.24,0.15,0.24,Matches,828657ff
321,Josh Onomah,eng ENG,MF,Fulham,25-191,1997,1,0,14,0.2,0,0,0,0,0,0,0,0.00,0.00,0.00,0.00,0.00,0.0,0.0,0.0,0.0,0.00,0.00,0.00,0.00,0.00,Matches,6612cd8c
322,Frank Onyeka,ng NGA,MF,Brentford,24-307,1998,10,3,311,3.5,0,1,0,0,0,0,0,0.00,0.29,0.29,0.00,0.29,0.2,0.2,0.5,0.7,0.06,0.13,0.19,0.06,0.19,Matches,2944f86f
323,Alex Oxlade-Chamberlain,eng ENG,FW,Liverpool,29-081,1993,1,0,15,0.2,0,0,0,0,0,0,0,0.00,0.00,0.00,0.00,0.00,0.0,0.0,0.0,0.0,0.00,0.00,0.00,0.00,0.00,Matches,38c7feef
324,João Palhinha,pt POR,MF,Fulham,27-118,1995,12,12,1071,11.9,2,0,2,0,0,5,0,0.17,0.00,0.17,0.17,0.17,0.8,0.8,0.0,0.8,0.06,0.00,0.06,0.06,0.06,Matches,a78ff07f
325,Cole Palmer,eng ENG,MF,Manchester City,20-182,2002,7,0,106,1.2,0,0,0,0,0,0,0,0.00,0.00,0.00,0.00,0.00,0.1,0.1,0.1,0.2,0.06,0.07,0.13,0.06,0.13,Matches,dc7f8a28
326,Emerson Palmieri,it ITA,DFMF,West Ham,28-093,1994,7,3,224,2.5,0,0,0,0,0,1,0,0.00,0.00,0.00,0.00,0.00,0.1,0.1,0.0,0.1,0.02,0.01,0.03,0.02,0.03,Matches,e0bc6fdc
327,Lucas Paquetá,br BRA,MFFW,West Ham,25-069,1997,6,5,408,4.5,0,1,0,0,0,1,0,0.00,0.22,0.22,0.00,0.22,1.0,1.0,0.4,1.4,0.22,0.08,0.31,0.22,0.31,Matches,9b6f7fd5
328,Thomas Partey,gh GHA,MF,Arsenal,29-144,1993,9,9,779,8.7,2,0,2,0,0,0,0,0.23,0.00,0.23,0.23,0.23,0.7,0.7,0.5,1.2,0.08,0.06,0.14,0.08,0.14,Matches,529f49ab
329,Nathan Patterson,sct SCO,DFMF,Everton,21-019,2001,8,7,657,7.3,0,0,0,0,0,1,0,0.00,0.00,0.00,0.00,0.00,0.4,0.4,0.3,0.7,0.05,0.04,0.09,0.05,0.09,Matches,230f0471
330,Ben Pearson,eng ENG,MF,Bournemouth,27-304,1995,4,3,211,2.3,0,0,0,0,0,1,0,0.00,0.00,0.00,0.00,0.00,0.0,0.0,0.0,0.0,0.01,0.00,0.01,0.01,0.01,Matches,a6b461e7
331,Andreas Pereira,br BRA,MF,Fulham,26-307,1996,13,13,1063,11.8,1,4,1,0,0,2,0,0.08,0.34,0.42,0.08,0.42,1.5,1.5,2.7,4.2,0.12,0.23,0.35,0.12,0.35,Matches,6639e500
332,Ayoze Pérez,es ESP,MF,Leicester City,29-098,1993,4,1,126,1.4,0,0,0,0,0,0,0,0.00,0.00,0.00,0.00,0.00,0.4,0.4,0.6,1.0,0.25,0.46,0.71,0.25,0.71,Matches,819aa8e7
333,Ivan Perii?,hr CRO,DF,Tottenham,33-275,1989,13,7,653,7.3,0,4,0,0,0,2,0,0.00,0.55,0.55,0.00,0.55,0.5,0.5,2.5,3.0,0.07,0.34,0.41,0.07,0.41,Matches,6fe90922
334,Romain Perraud,fr FRA,DF,Southampton,25-043,1997,11,8,671,7.5,1,2,1,0,0,1,0,0.13,0.27,0.40,0.13,0.40,0.4,0.4,1.3,1.8,0.06,0.18,0.24,0.06,0.24,Matches,6dfd8f05
335,Kalvin Phillips,eng ENG,MF,Manchester City,26-337,1995,1,0,2,0.0,0,0,0,0,0,0,0,0.00,0.00,0.00,0.00,0.00,0.0,0.0,0.0,0.0,0.00,0.00,0.00,0.00,0.00,Matches,4f565d77
336,Nathaniel Phillips,eng ENG,DF,Liverpool,25-228,1997,1,1,62,0.7,0,0,0,0,0,0,0,0.00,0.00,0.00,0.00,0.00,0.0,0.0,0.0,0.0,0.06,0.00,0.06,0.06,0.06,Matches,515ebe8d
337,Jordan Pickford,eng ENG,GK,Everton,28-242,1994,12,12,1080,12.0,0,1,0,0,0,3,0,0.00,0.08,0.08,0.00,0.08,0.0,0.0,0.1,0.1,0.00,0.01,0.01,0.00,0.01,Matches,4806ec67
338,Ethan Pinnock,jm JAM,DF,Brentford,29-159,1993,5,5,450,5.0,0,0,0,0,0,0,0,0.00,0.00,0.00,0.00,0.00,0.1,0.1,0.1,0.2,0.02,0.03,0.05,0.02,0.05,Matches,e541326e
339,Daniel Podence,pt POR,MFFW,Wolves,27-014,1995,13,11,952,10.6,2,0,2,0,0,3,0,0.19,0.00,0.19,0.19,0.19,1.9,1.9,1.5,3.4,0.18,0.14,0.32,0.18,0.32,Matches,7fcc71d8
340,Nick Pope,eng ENG,GK,Newcastle Utd,30-199,1992,13,13,1170,13.0,0,0,0,0,0,1,0,0.00,0.00,0.00,0.00,0.00,0.0,0.0,0.0,0.0,0.00,0.00,0.00,0.00,0.00,Matches,4b40d9ca
341,Dennis Praet,be BEL,MF,Leicester City,28-174,1994,6,2,200,2.2,0,0,0,0,0,1,0,0.00,0.00,0.00,0.00,0.00,0.2,0.2,0.0,0.2,0.10,0.00,0.10,0.10,0.10,Matches,86695068
342,Christian Pulisic,us USA,FWMF,Chelsea,24-047,1998,11,3,363,4.0,1,1,1,0,0,1,0,0.25,0.25,0.50,0.25,0.50,0.9,0.9,0.5,1.4,0.22,0.12,0.34,0.22,0.34,Matches,1bf33a9a
343,Aaron Ramsdale,eng ENG,GK,Arsenal,24-174,1998,12,12,1080,12.0,0,0,0,0,0,0,0,0.00,0.00,0.00,0.00,0.00,0.0,0.0,0.0,0.0,0.00,0.00,0.00,0.00,0.00,Matches,466fb2c5
344,Jacob Ramsey,eng ENG,MF,Aston Villa,21-160,2001,13,10,863,9.6,1,1,1,0,0,4,0,0.10,0.10,0.21,0.10,0.21,0.9,0.9,1.0,1.8,0.09,0.10,0.19,0.09,0.19,Matches,1544f145
345,Marcus Rashford,eng ENG,FWMF,Manchester Utd,25-004,1997,12,11,946,10.5,4,2,4,0,0,1,0,0.38,0.19,0.57,0.38,0.57,3.7,3.7,2.0,5.7,0.36,0.19,0.55,0.36,0.55,Matches,a1d5bd30
346,David Raya,es ESP,GK,Brentford,27-050,1995,13,13,1170,13.0,0,0,0,0,0,0,0,0.00,0.00,0.00,0.00,0.00,0.0,0.0,0.0,0.0,0.00,0.00,0.00,0.00,0.00,Matches,98ea5115
347,Tim Ream,us USA,DF,Fulham,35-030,1987,13,13,1167,13.0,0,0,0,0,0,1,0,0.00,0.00,0.00,0.00,0.00,0.0,0.0,0.0,0.0,0.00,0.00,0.00,0.00,0.00,Matches,28b40c9c
348,Nathan Redmond,eng ENG,DF,Southampton,28-243,1994,1,0,1,0.0,0,0,0,0,0,0,0,0.00,0.00,0.00,0.00,0.00,0.0,0.0,0.0,0.0,0.00,0.00,0.00,0.00,0.00,Matches,ab651565
349,Harrison Reed,eng ENG,MF,Fulham,27-281,1995,13,13,1085,12.1,2,1,2,0,0,4,0,0.17,0.08,0.25,0.17,0.25,1.0,1.0,1.5,2.5,0.08,0.13,0.21,0.08,0.21,Matches,803ae100
350,Bobby Reid,jm JAM,MFDF,Fulham,29-275,1993,13,13,1121,12.5,3,1,3,0,0,5,0,0.24,0.08,0.32,0.24,0.32,2.5,2.5,0.6,3.1,0.20,0.05,0.25,0.20,0.25,Matches,0f7533cd
351,Declan Rice,eng ENG,MF,West Ham,23-294,1999,13,13,1170,13.0,1,1,1,0,1,2,0,0.08,0.08,0.15,0.08,0.15,1.2,0.4,1.7,2.1,0.09,0.13,0.23,0.03,0.16,Matches,1c7012b8
352,Chris Richards,us USA,DF,Crystal Palace,22-221,2000,3,0,47,0.5,0,0,0,0,0,0,0,0.00,0.00,0.00,0.00,0.00,0.1,0.1,0.3,0.3,0.14,0.49,0.63,0.14,0.63,Matches,0a3d6d2b
353,Richarlison,br BRA,MFFW,Tottenham,25-178,1997,9,4,371,4.1,0,2,0,0,0,2,0,0.00,0.49,0.49,0.00,0.49,1.5,1.5,1.2,2.7,0.37,0.29,0.66,0.37,0.66,Matches,fa031b34
354,Jaïro Riedewald,nl NED,DFMF,Crystal Palace,26-056,1996,3,0,41,0.5,0,0,0,0,0,0,0,0.00,0.00,0.00,0.00,0.00,0.0,0.0,0.0,0.0,0.00,0.00,0.00,0.00,0.00,Matches,7a1f2c08
355,Matt Ritchie,sct SCO,FW,Newcastle Utd,33-055,1989,1,0,1,0.0,0,0,0,0,0,0,0,0.00,0.00,0.00,0.00,0.00,0.0,0.0,0.0,0.0,0.00,0.00,0.00,0.00,0.00,Matches,71ef519e
356,Andrew Robertson,sct SCO,DF,Liverpool,28-238,1994,10,8,686,7.6,0,2,0,0,0,0,0,0.00,0.26,0.26,0.00,0.26,0.4,0.4,1.8,2.2,0.05,0.24,0.29,0.05,0.29,Matches,2e4f5f03
357,Antonee Robinson,us USA,DF,Fulham,25-088,1997,11,11,928,10.3,0,0,0,0,0,3,0,0.00,0.00,0.00,0.00,0.00,0.0,0.0,0.2,0.2,0.00,0.02,0.02,0.00,0.02,Matches,289601e6
358,Marc Roca,es ESP,MF,Leeds United,25-343,1996,12,12,900,10.0,1,0,1,0,0,2,0,0.10,0.00,0.10,0.10,0.10,0.8,0.8,0.3,1.1,0.08,0.03,0.11,0.08,0.11,Matches,da27e268
359,Marek Rodák,sk SVK,GK,Fulham,25-326,1996,2,2,180,2.0,0,0,0,0,0,0,0,0.00,0.00,0.00,0.00,0.00,0.0,0.0,0.0,0.0,0.00,0.00,0.00,0.00,0.00,Matches,17acc2ed
360,Rodri,es ESP,MF,Manchester City,26-135,1996,11,11,942,10.5,0,3,0,0,0,1,0,0.00,0.29,0.29,0.00,0.29,1.0,1.0,0.8,1.8,0.10,0.07,0.17,0.10,0.17,Matches,6434f10d
361,Rodrigo,es ESP,FWMF,Leeds United,31-243,1991,11,10,718,8.0,6,1,6,0,0,1,0,0.75,0.13,0.88,0.75,0.88,4.2,4.2,1.2,5.4,0.52,0.15,0.68,0.52,0.68,Matches,1fb1c435
362,Mads Roerslev,dk DEN,DF,Brentford,23-133,1999,5,3,253,2.8,0,0,0,0,0,0,0,0.00,0.00,0.00,0.00,0.00,0.1,0.1,0.5,0.6,0.03,0.19,0.22,0.03,0.22,Matches,57c94db2
363,Cristian Romero,ar ARG,DF,Tottenham,24-191,1998,8,7,658,7.3,0,0,0,0,0,1,0,0.00,0.00,0.00,0.00,0.00,0.6,0.6,0.3,0.9,0.09,0.03,0.12,0.09,0.12,Matches,a3d94a58
364,Oriol Romeu,es ESP,MF,Southampton,31-041,1991,1,1,74,0.8,0,0,0,0,0,0,0,0.00,0.00,0.00,0.00,0.00,0.0,0.0,0.0,0.0,0.00,0.00,0.00,0.00,0.00,Matches,4b511457
365,Cristiano Ronaldo,pt POR,FW,Manchester Utd,37-272,1985,9,3,435,4.8,1,0,1,0,0,1,0,0.21,0.00,0.21,0.21,0.21,1.6,1.6,0.4,2.1,0.34,0.09,0.43,0.34,0.43,Matches,dea698d9
366,Salomón Rondón,ve VEN,FW,Everton,33-049,1989,7,1,109,1.2,0,0,0,0,0,0,0,0.00,0.00,0.00,0.00,0.00,0.8,0.8,0.2,1.0,0.66,0.13,0.79,0.66,0.79,Matches,b318a643
367,Joe Rothwell,eng ENG,MF,Bournemouth,27-297,1995,1,0,14,0.2,0,0,0,0,0,0,0,0.00,0.00,0.00,0.00,0.00,0.0,0.0,0.0,0.0,0.00,0.00,0.00,0.00,0.00,Matches,10a10454
368,José Sá,pt POR,GK,Wolves,29-291,1993,13,13,1170,13.0,0,0,0,0,0,0,0,0.00,0.00,0.00,0.00,0.00,0.0,0.0,0.0,0.0,0.00,0.00,0.00,0.00,0.00,Matches,903b6e8b
369,Allan Saint-Maximin,fr FRA,FW,Newcastle Utd,25-237,1997,6,4,360,4.0,1,2,1,0,0,1,0,0.25,0.50,0.75,0.25,0.75,0.8,0.8,1.1,2.0,0.21,0.29,0.49,0.21,0.49,Matches,2b16cb1a
370,Bukayo Saka,eng ENG,MFFW,Arsenal,21-060,2001,12,12,992,11.0,4,5,3,1,1,2,0,0.36,0.45,0.82,0.27,0.73,4.3,3.7,1.8,5.5,0.39,0.16,0.56,0.34,0.50,Matches,bc7dc64d
371,Mohamed Salah,eg EGY,FWMF,Liverpool,30-142,1992,12,12,1057,11.7,4,3,4,0,0,0,0,0.34,0.26,0.60,0.34,0.60,5.6,5.6,2.2,7.8,0.48,0.19,0.67,0.48,0.67,Matches,e342ad68
372,William Saliba,fr FRA,DF,Arsenal,21-225,2001,12,12,1065,11.8,2,1,2,0,0,4,0,0.17,0.08,0.25,0.17,0.25,0.3,0.3,0.9,1.2,0.03,0.07,0.10,0.03,0.10,Matches,972aeb2a
373,Mohammed Salisu,gh GHA,DF,Southampton,23-201,1999,12,12,1080,12.0,0,0,0,0,0,3,0,0.00,0.00,0.00,0.00,0.00,0.5,0.5,0.1,0.6,0.04,0.01,0.05,0.04,0.05,Matches,0b33f6ad
374,Albert Sambi Lokonga,be BEL,MF,Arsenal,23-013,1999,6,2,198,2.2,0,0,0,0,0,0,0,0.00,0.00,0.00,0.00,0.00,0.0,0.0,0.0,0.0,0.00,0.01,0.01,0.00,0.01,Matches,1b4f1169
375,Davinson Sánchez,co COL,DF,Tottenham,26-145,1996,9,6,497,5.5,0,0,0,0,0,1,0,0.00,0.00,0.00,0.00,0.00,0.3,0.3,0.1,0.4,0.06,0.02,0.07,0.06,0.07,Matches,da7b447d
376,Robert Sánchez,es ESP,GK,Brighton,24-351,1997,12,12,1080,12.0,0,0,0,0,0,0,0,0.00,0.00,0.00,0.00,0.00,0.0,0.0,0.0,0.0,0.00,0.00,0.00,0.00,0.00,Matches,6a713852
377,Jadon Sancho,eng ENG,MFFW,Manchester Utd,22-224,2000,10,10,714,7.9,2,1,2,0,0,0,0,0.25,0.13,0.38,0.25,0.38,1.6,1.6,0.8,2.5,0.21,0.10,0.31,0.21,0.31,Matches,dbf053da
378,Jeremy Sarmiento,ec ECU,MFFW,Brighton,20-141,2002,2,0,8,0.1,0,0,0,0,0,0,0,0.00,0.00,0.00,0.00,0.00,0.0,0.0,0.0,0.0,0.48,0.00,0.48,0.48,0.48,Matches,ac0d576d
379,Gianluca Scamacca,it ITA,FW,West Ham,23-307,1999,11,7,620,6.9,2,0,2,0,0,2,0,0.29,0.00,0.29,0.29,0.29,1.8,1.8,0.6,2.4,0.26,0.09,0.35,0.26,0.35,Matches,8790f988
380,Fabian Schär,ch SUI,DF,Newcastle Utd,30-319,1991,12,12,1063,11.8,1,0,1,0,0,4,0,0.08,0.00,0.08,0.08,0.08,0.9,0.9,0.3,1.2,0.07,0.03,0.10,0.07,0.10,Matches,c8aa95da
381,Jeffrey Schlupp,gh GHA,MF,Crystal Palace,29-316,1992,12,10,914,10.2,0,0,0,0,0,2,0,0.00,0.00,0.00,0.00,0.00,0.7,0.7,0.3,1.0,0.07,0.03,0.10,0.07,0.10,Matches,3312f911
382,Nélson Semedo,pt POR,DF,Wolves,28-353,1993,11,6,564,6.3,0,1,0,0,0,3,0,0.00,0.16,0.16,0.00,0.16,0.0,0.0,0.2,0.2,0.01,0.03,0.04,0.01,0.04,Matches,d04b94db
383,Marcos Senesi,ar ARG,DF,Bournemouth,25-178,1997,10,9,762,8.5,0,0,0,0,0,0,0,0.00,0.00,0.00,0.00,0.00,0.1,0.1,0.1,0.2,0.02,0.01,0.03,0.02,0.03,Matches,35141f4c
384,Ryan Sessegnon,eng ENG,DF,Tottenham,22-170,2000,11,7,595,6.6,2,0,2,0,0,3,0,0.30,0.00,0.30,0.30,0.30,1.3,1.3,0.6,1.9,0.19,0.09,0.28,0.19,0.28,Matches,6aa3e78b
385,Luke Shaw,eng ENG,DF,Manchester Utd,27-115,1995,8,7,629,7.0,0,1,0,0,0,2,0,0.00,0.14,0.14,0.00,0.14,0.2,0.2,0.9,1.0,0.02,0.12,0.15,0.02,0.15,Matches,9c94165b
386,Jonjo Shelvey,eng ENG,MF,Newcastle Utd,30-250,1992,2,0,10,0.1,0,0,0,0,0,0,0,0.00,0.00,0.00,0.00,0.00,0.0,0.0,0.0,0.0,0.00,0.00,0.00,0.00,0.00,Matches,3727dd3c
387,Bernardo Silva,pt POR,MFFW,Manchester City,28-086,1994,12,10,888,9.9,2,5,2,0,0,0,0,0.20,0.51,0.71,0.20,0.71,1.2,1.2,1.5,2.7,0.12,0.15,0.27,0.12,0.27,Matches,3eb22ec9
388,Thiago Silva,br BRA,DF,Chelsea,38-043,1984,10,10,900,10.0,0,2,0,0,0,1,0,0.00,0.20,0.20,0.00,0.20,0.3,0.3,0.4,0.6,0.03,0.04,0.06,0.03,0.06,Matches,86e7deaf
389,Luis Sinisterra,co COL,MF,Leeds United,23-140,1999,9,6,453,5.0,2,0,2,0,0,3,1,0.40,0.00,0.40,0.40,0.40,1.5,1.5,0.2,1.7,0.29,0.04,0.34,0.29,0.34,Matches,8e16dd48
390,Oliver Skipp,eng ENG,MF,Tottenham,22-049,2000,6,2,130,1.4,0,0,0,0,0,1,0,0.00,0.00,0.00,0.00,0.00,0.1,0.1,0.2,0.3,0.04,0.17,0.21,0.04,0.21,Matches,6250083a
391,Adam Smith,eng ENG,DF,Bournemouth,31-189,1991,13,13,1125,12.5,0,1,0,0,0,4,0,0.00,0.08,0.08,0.00,0.08,0.4,0.4,0.3,0.7,0.03,0.03,0.06,0.03,0.06,Matches,20b104bc
392,Emile Smith Rowe,eng ENG,MF,Arsenal,22-099,2000,4,0,51,0.6,0,0,0,0,0,0,0,0.00,0.00,0.00,0.00,0.00,0.1,0.1,0.3,0.4,0.16,0.50,0.66,0.16,0.66,Matches,17695062
393,Cédric Soares,pt POR,DF,Arsenal,31-065,1991,1,0,28,0.3,0,0,0,0,0,0,0,0.00,0.00,0.00,0.00,0.00,0.0,0.0,0.0,0.0,0.00,0.00,0.00,0.00,0.00,Matches,839c14e1
394,Dominic Solanke,eng ENG,FWMF,Bournemouth,25-051,1997,11,10,891,9.9,2,3,2,0,0,0,0,0.20,0.30,0.51,0.20,0.51,1.7,1.7,1.0,2.7,0.17,0.10,0.28,0.17,0.28,Matches,e77dc3b2
395,Manor Solomon,il ISR,MF,Fulham,23-103,1999,1,0,25,0.3,0,0,0,0,0,0,0,0.00,0.00,0.00,0.00,0.00,0.0,0.0,0.0,0.0,0.00,0.00,0.00,0.00,0.00,Matches,886f9aac
396,Tomá Sou?ek,cz CZE,MF,West Ham,27-250,1995,13,13,1170,13.0,1,1,1,0,0,1,0,0.08,0.08,0.15,0.08,0.15,2.4,2.4,0.6,3.1,0.19,0.05,0.23,0.19,0.23,Matches,6613c819
397,Boubakary Soumaré,fr FRA,MF,Leicester City,23-250,1999,9,7,531,5.9,0,0,0,0,0,3,0,0.00,0.00,0.00,0.00,0.00,0.0,0.0,0.1,0.1,0.01,0.01,0.01,0.01,0.01,Matches,ae59b359
398,Ça?lar Söyüncü,tr TUR,DF,Leicester City,26-165,1996,1,1,71,0.8,0,0,0,0,0,0,0,0.00,0.00,0.00,0.00,0.00,0.0,0.0,0.0,0.0,0.00,0.00,0.00,0.00,0.00,Matches,21166ff4
399,Djed Spence,eng ENG,DFMF,Tottenham,22-087,2000,3,0,4,0.0,0,0,0,0,0,0,0,0.00,0.00,0.00,0.00,0.00,0.1,0.1,0.0,0.1,1.45,0.00,1.45,1.45,1.45,Matches,9bc9a519
400,Jack Stacey,eng ENG,DFMF,Bournemouth,26-212,1996,5,1,116,1.3,0,0,0,0,0,1,0,0.00,0.00,0.00,0.00,0.00,0.0,0.0,0.0,0.0,0.00,0.00,0.00,0.00,0.00,Matches,558807c0
401,Junior Stanislas,eng ENG,MF,Bournemouth,32-343,1989,3,0,58,0.6,0,0,0,0,0,0,0,0.00,0.00,0.00,0.00,0.00,0.0,0.0,0.1,0.2,0.06,0.20,0.26,0.06,0.26,Matches,6992791d
402,Jay Stansfield,eng ENG,MF,Fulham,19-345,2002,3,1,87,1.0,0,0,0,0,0,0,0,0.00,0.00,0.00,0.00,0.00,0.3,0.3,0.1,0.3,0.26,0.09,0.35,0.26,0.35,Matches,b2626673
403,Jack Stephens,eng ENG,DF,Southampton,28-281,1994,2,0,46,0.5,0,0,0,0,0,0,0,0.00,0.00,0.00,0.00,0.00,0.0,0.0,0.0,0.0,0.00,0.00,0.00,0.00,0.00,Matches,6adbc307
404,Jack Stephens,eng ENG,DFMF,Bournemouth,28-281,1994,2,0,3,0.0,0,0,0,0,0,0,0,0.00,0.00,0.00,0.00,0.00,0.0,0.0,0.0,0.0,0.00,0.00,0.00,0.00,0.00,Matches,6adbc307
405,Raheem Sterling,eng ENG,FWMF,Chelsea,27-331,1994,11,10,860,9.6,3,1,3,0,0,2,0,0.31,0.10,0.42,0.31,0.42,3.0,3.0,2.1,5.1,0.31,0.21,0.53,0.31,0.53,Matches,b400bde0
406,John Stones,eng ENG,DF,Manchester City,28-160,1994,7,6,551,6.1,0,2,0,0,0,1,0,0.00,0.33,0.33,0.00,0.33,0.2,0.2,1.1,1.3,0.04,0.18,0.22,0.04,0.22,Matches,5eecec3d
407,Pascal Struijk,nl NED,DF,Leeds United,23-085,1999,11,11,984,10.9,1,1,1,0,0,2,0,0.09,0.09,0.18,0.09,0.18,0.8,0.8,2.1,2.9,0.07,0.19,0.26,0.07,0.26,Matches,f4d296e4
408,Crysencio Summerville,nl NED,MF,Leeds United,21-005,2001,8,2,293,3.3,2,0,2,0,0,1,0,0.61,0.00,0.61,0.61,0.61,0.5,0.5,0.0,0.6,0.16,0.01,0.18,0.16,0.18,Matches,df04eb4b
409,Sam Surridge,eng ENG,FW,Nott'ham Forest,24-099,1998,6,1,125,1.4,0,0,0,0,0,1,0,0.00,0.00,0.00,0.00,0.00,0.2,0.2,0.1,0.2,0.12,0.04,0.16,0.12,0.16,Matches,b017b770
410,Matt Targett,eng ENG,DF,Newcastle Utd,27-047,1995,9,4,422,4.7,0,0,0,0,0,0,0,0.00,0.00,0.00,0.00,0.00,0.0,0.0,0.3,0.3,0.00,0.07,0.07,0.00,0.07,Matches,e514ab62
411,James Tarkowski,eng ENG,DF,Everton,29-350,1992,13,13,1170,13.0,0,0,0,0,0,2,0,0.00,0.00,0.00,0.00,0.00,0.7,0.7,0.7,1.4,0.05,0.05,0.11,0.05,0.11,Matches,15ea812b
412,Marcus Tavernier,eng ENG,MFDF,Bournemouth,23-227,1999,13,13,1114,12.4,0,1,0,0,0,1,0,0.00,0.08,0.08,0.00,0.08,0.9,0.9,0.9,1.8,0.07,0.08,0.15,0.07,0.15,Matches,5c0da4a4
413,Kenny Tete,nl NED,DF,Fulham,27-026,1995,8,7,618,6.9,0,3,0,0,0,4,0,0.00,0.44,0.44,0.00,0.44,0.1,0.1,0.3,0.4,0.01,0.04,0.05,0.01,0.05,Matches,77d7c96f
414,Luke Thomas,eng ENG,DF,Leicester City,21-147,2001,3,2,183,2.0,0,0,0,0,0,1,0,0.00,0.00,0.00,0.00,0.00,0.0,0.0,0.0,0.0,0.00,0.00,0.00,0.00,0.00,Matches,fc027d02
415,Youri Tielemans,be BEL,MF,Leicester City,25-181,1997,13,12,1022,11.4,2,1,1,1,1,1,0,0.18,0.09,0.26,0.09,0.18,1.1,0.3,2.0,2.3,0.10,0.18,0.27,0.03,0.21,Matches,56f7a928
416,Kieran Tierney,sct SCO,DF,Arsenal,25-152,1997,11,3,341,3.8,0,0,0,0,0,0,0,0.00,0.00,0.00,0.00,0.00,0.3,0.3,0.1,0.4,0.07,0.03,0.10,0.07,0.10,Matches,fce2302c
417,Harry Toffolo,eng ENG,DF,Nott'ham Forest,27-077,1995,8,6,577,6.4,0,0,0,0,0,0,0,0.00,0.00,0.00,0.00,0.00,0.2,0.2,0.4,0.6,0.02,0.07,0.09,0.02,0.09,Matches,a105d46a
418,Takehiro Tomiyasu,jp JPN,DF,Arsenal,23-364,1998,11,4,410,4.6,0,0,0,0,0,1,0,0.00,0.00,0.00,0.00,0.00,0.1,0.1,0.1,0.2,0.02,0.02,0.04,0.02,0.04,Matches,b3af9be1
419,James Tomkins,eng ENG,DF,Crystal Palace,33-220,1989,1,0,48,0.5,0,0,0,0,0,0,0,0.00,0.00,0.00,0.00,0.00,0.0,0.0,0.0,0.0,0.00,0.00,0.00,0.00,0.00,Matches,e7ca0439
420,Ivan Toney,eng ENG,FW,Brentford,26-233,1996,13,13,1170,13.0,8,2,5,3,3,5,0,0.62,0.15,0.77,0.38,0.54,7.0,4.7,2.0,6.7,0.54,0.16,0.70,0.36,0.52,Matches,e09f279b
421,Adama Traoré,es ESP,MF,Wolves,26-283,1996,10,5,509,5.7,1,0,1,0,0,0,0,0.18,0.00,0.18,0.18,0.18,0.5,0.5,0.8,1.3,0.09,0.13,0.23,0.09,0.23,Matches,9a28eba4
422,Boubacar Traoré,ml MLI,MF,Wolves,21-076,2001,6,2,205,2.3,0,0,0,0,0,1,0,0.00,0.00,0.00,0.00,0.00,0.0,0.0,0.0,0.0,0.01,0.00,0.01,0.01,0.01,Matches,999ceb5f
423,Mark Travers,ie IRL,GK,Bournemouth,23-170,1999,6,5,495,5.5,0,0,0,0,0,0,0,0.00,0.00,0.00,0.00,0.00,0.0,0.0,0.0,0.0,0.00,0.00,0.00,0.00,0.00,Matches,fe558029
424,Kieran Trippier,eng ENG,DF,Newcastle Utd,32-046,1990,13,13,1155,12.8,1,2,1,0,0,2,0,0.08,0.16,0.23,0.08,0.23,0.4,0.4,3.4,3.7,0.03,0.26,0.29,0.03,0.29,Matches,21512407
425,Leandro Trossard,be BEL,MFDF,Brighton,27-335,1994,12,12,1003,11.1,7,1,7,0,0,1,0,0.63,0.09,0.72,0.63,0.72,4.2,4.2,1.5,5.7,0.38,0.14,0.51,0.38,0.51,Matches,38ceb24a
426,Kostas Tsimikas,gr GRE,DF,Liverpool,26-176,1996,9,4,362,4.0,0,3,0,0,0,1,0,0.00,0.75,0.75,0.00,0.75,0.2,0.2,0.6,0.8,0.06,0.14,0.19,0.06,0.19,Matches,f315ca93
427,Deniz Undav,de GER,FWMF,Brighton,26-108,1996,6,0,60,0.7,0,0,0,0,0,0,0,0.00,0.00,0.00,0.00,0.00,0.4,0.4,0.2,0.6,0.61,0.25,0.87,0.61,0.87,Matches,dd549382
428,Yan Valery,tn TUN,DF,Southampton,23-255,1999,1,1,45,0.5,0,0,0,0,0,0,0,0.00,0.00,0.00,0.00,0.00,0.0,0.0,0.0,0.0,0.00,0.00,0.00,0.00,0.00,Matches,531a4aa8
429,Virgil van Dijk,nl NED,DF,Liverpool,31-119,1991,12,12,1080,12.0,1,0,1,0,0,1,0,0.08,0.00,0.08,0.08,0.08,0.8,0.8,0.0,0.8,0.07,0.00,0.07,0.07,0.07,Matches,e06683ca
430,Raphaël Varane,fr FRA,DF,Manchester Utd,29-193,1993,10,8,684,7.6,0,0,0,0,0,1,0,0.00,0.00,0.00,0.00,0.00,0.0,0.0,0.1,0.1,0.00,0.02,0.02,0.00,0.02,Matches,9f8e9423
431,Jamie Vardy,eng ENG,FW,Leicester City,35-297,1987,13,8,708,7.9,1,4,1,0,0,1,0,0.13,0.51,0.64,0.13,0.64,2.0,2.0,0.4,2.4,0.25,0.06,0.31,0.25,0.31,Matches,45963054
432,Joël Veltman,nl NED,DF,Brighton,30-293,1992,11,11,914,10.2,0,0,0,0,0,1,0,0.00,0.00,0.00,0.00,0.00,0.5,0.5,0.2,0.7,0.05,0.02,0.07,0.05,0.07,Matches,dad4b285
433,Fabio Vieira,pt POR,MF,Arsenal,22-158,2000,7,1,172,1.9,1,0,1,0,0,0,0,0.52,0.00,0.52,0.52,0.52,0.3,0.3,0.2,0.5,0.14,0.11,0.25,0.14,0.25,Matches,6412cc03
434,Rúben Vinagre,pt POR,DFMF,Everton,23-209,1999,2,0,26,0.3,0,0,0,0,0,0,0,0.00,0.00,0.00,0.00,0.00,0.0,0.0,0.0,0.0,0.00,0.00,0.00,0.00,0.00,Matches,b937e490
435,Carlos Vinícius,br BRA,FW,Fulham,27-224,1995,7,1,162,1.8,0,0,0,0,0,1,0,0.00,0.00,0.00,0.00,0.00,0.1,0.1,0.3,0.4,0.08,0.15,0.23,0.08,0.23,Matches,8b529245
436,Theo Walcott,eng ENG,MFFW,Southampton,33-233,1989,1,0,18,0.2,0,0,0,0,0,1,0,0.00,0.00,0.00,0.00,0.00,0.0,0.0,0.0,0.0,0.00,0.00,0.00,0.00,0.00,Matches,1ecb65be
437,Kyle Walker,eng ENG,DF,Manchester City,32-160,1990,7,7,560,6.2,0,0,0,0,0,0,0,0.00,0.00,0.00,0.00,0.00,0.3,0.3,0.1,0.4,0.05,0.02,0.07,0.05,0.07,Matches,86dd77d1
438,Kyle Walker-Peters,eng ENG,DF,Southampton,25-205,1997,11,11,952,10.6,1,0,1,0,0,2,0,0.09,0.00,0.09,0.09,0.09,0.7,0.7,0.7,1.4,0.07,0.07,0.13,0.07,0.13,Matches,984a5a64
439,Aaron Wan-Bissaka,eng ENG,DF,Manchester Utd,24-343,1997,1,0,5,0.1,0,0,0,0,0,0,0,0.00,0.00,0.00,0.00,0.00,0.0,0.0,0.0,0.0,0.00,0.00,0.00,0.00,0.00,Matches,9e525177
440,Danny Ward,wls WAL,GK,Leicester City,29-135,1993,13,13,1170,13.0,0,0,0,0,0,0,0,0.00,0.00,0.00,0.00,0.00,0.0,0.0,0.0,0.0,0.00,0.00,0.00,0.00,0.00,Matches,d3ce0e89
441,Joel Ward,eng ENG,DF,Crystal Palace,33-006,1989,11,11,990,11.0,0,0,0,0,0,3,0,0.00,0.00,0.00,0.00,0.00,0.0,0.0,0.1,0.1,0.00,0.01,0.01,0.00,0.01,Matches,8a7ff278
442,James Ward-Prowse,eng ENG,MF,Southampton,28-003,1994,13,13,1170,13.0,1,1,1,0,0,2,0,0.08,0.08,0.15,0.08,0.15,0.7,0.7,2.2,2.9,0.05,0.17,0.23,0.05,0.23,Matches,3515d404
443,Ollie Watkins,eng ENG,FWMF,Aston Villa,26-309,1995,13,12,1095,12.2,2,2,2,0,0,1,0,0.16,0.16,0.33,0.16,0.33,4.3,4.3,1.7,6.0,0.35,0.14,0.50,0.35,0.50,Matches,aed3a70f
444,Adam Webster,eng ENG,DF,Brighton,27-304,1995,12,12,1080,12.0,0,0,0,0,0,1,0,0.00,0.00,0.00,0.00,0.00,1.0,1.0,0.0,1.1,0.08,0.00,0.09,0.08,0.09,Matches,c40b6180
445,Danny Welbeck,eng ENG,FW,Brighton,31-343,1990,11,10,912,10.1,0,2,0,0,0,0,0,0.00,0.20,0.20,0.00,0.20,3.0,3.0,1.8,4.8,0.29,0.18,0.47,0.29,0.47,Matches,ce5143da
446,Ben White,eng ENG,DF,Arsenal,25-027,1997,12,12,970,10.8,0,2,0,0,0,2,0,0.00,0.19,0.19,0.00,0.19,0.1,0.1,0.9,1.0,0.01,0.08,0.09,0.01,0.09,Matches,35e413f1
447,Neco Williams,wls WAL,DF,Nott'ham Forest,21-205,2001,13,11,983,10.9,0,0,0,0,0,3,0,0.00,0.00,0.00,0.00,0.00,0.9,0.9,1.0,1.9,0.08,0.09,0.17,0.08,0.17,Matches,dd323728
448,Willian,br BRA,MF,Fulham,34-087,1988,6,4,395,4.4,1,1,1,0,0,0,0,0.23,0.23,0.46,0.23,0.46,1.6,1.6,1.0,2.7,0.37,0.24,0.61,0.37,0.61,Matches,8b9ebd03
449,Joe Willock,eng ENG,MF,Newcastle Utd,23-076,1999,13,11,958,10.6,0,2,0,0,0,0,0,0.00,0.19,0.19,0.00,0.19,2.6,2.6,2.9,5.4,0.24,0.27,0.51,0.24,0.51,Matches,a3b03921
450,Callum Wilson,eng ENG,FW,Newcastle Utd,30-250,1992,9,9,727,8.1,6,2,5,1,1,1,0,0.74,0.25,0.99,0.62,0.87,6.0,5.3,0.6,5.9,0.75,0.08,0.83,0.65,0.73,Matches,c596fcb0
451,Harry Wilson,wls WAL,MF,Fulham,25-227,1997,5,1,135,1.5,0,0,0,0,0,0,0,0.00,0.00,0.00,0.00,0.00,0.2,0.2,0.1,0.3,0.14,0.05,0.19,0.14,0.19,Matches,c6dc9ecd
452,Yoane Wissa,cd COD,FWMF,Brentford,26-062,1996,13,5,535,5.9,2,1,2,0,0,1,0,0.34,0.17,0.50,0.34,0.50,2.1,2.1,1.0,3.1,0.36,0.16,0.52,0.36,0.52,Matches,2500cef9
453,Chris Wood,nz NZL,FW,Newcastle Utd,30-332,1991,12,1,152,1.7,0,0,0,0,0,0,0,0.00,0.00,0.00,0.00,0.00,0.5,0.5,0.1,0.5,0.27,0.05,0.31,0.27,0.31,Matches,4e9a0555
454,Joe Worrall,eng ENG,DF,Nott'ham Forest,25-298,1997,10,6,627,7.0,0,0,0,0,0,4,0,0.00,0.00,0.00,0.00,0.00,0.1,0.1,0.5,0.6,0.02,0.07,0.09,0.02,0.09,Matches,a5212312
455,Granit Xhaka,ch SUI,MF,Arsenal,30-038,1992,12,12,1061,11.8,3,3,3,0,0,2,0,0.25,0.25,0.51,0.25,0.51,1.4,1.4,1.8,3.2,0.12,0.15,0.27,0.12,0.27,Matches,e61b8aee
456,Ryan Yates,eng ENG,MF,Nott'ham Forest,24-348,1997,11,9,853,9.5,0,1,0,0,0,1,0,0.00,0.11,0.11,0.00,0.11,1.5,1.5,0.6,2.0,0.15,0.06,0.21,0.15,0.21,Matches,c1fe2a48
457,Ashley Young,eng ENG,DF,Aston Villa,37-118,1985,9,7,695,7.7,1,0,1,0,0,2,0,0.13,0.00,0.13,0.13,0.13,0.1,0.1,0.7,0.8,0.02,0.09,0.11,0.02,0.11,Matches,be927d03
458,Wilfried Zaha,ci CIV,FWMF,Crystal Palace,29-359,1992,11,11,967,10.7,5,1,5,0,1,3,0,0.47,0.09,0.56,0.47,0.56,3.5,2.6,1.4,4.0,0.32,0.13,0.45,0.24,0.37,Matches,b2bc3b1f
459,Jordan Zemura,zw ZIM,DF,Bournemouth,22-355,1999,10,8,698,7.8,0,1,0,0,0,1,0,0.00,0.13,0.13,0.00,0.13,0.0,0.0,0.7,0.7,0.00,0.09,0.09,0.00,0.09,Matches,e8271ad9
460,Oleksandr Zinchenko,ua UKR,DF,Arsenal,25-324,1996,5,5,393,4.4,0,1,0,0,0,0,0,0.00,0.23,0.23,0.00,0.23,0.1,0.1,0.3,0.4,0.03,0.06,0.09,0.03,0.09,Matches,51cf8561
461,Hakim Ziyech,ma MAR,MF,Chelsea,29-230,1993,4,1,134,1.5,0,0,0,0,0,0,0,0.00,0.00,0.00,0.00,0.00,0.2,0.2,0.1,0.2,0.10,0.05,0.16,0.10,0.16,Matches,6622454d
462,Kurt Zouma,fr FRA,DF,West Ham,28-008,1994,12,12,1080,12.0,1,0,1,0,0,0,0,0.08,0.00,0.08,0.08,0.08,1.1,1.1,0.0,1.1,0.09,0.00,0.09,0.09,0.09,Matches,ce4246f5
463,Martin Ødegaard,no NOR,MF,Arsenal,23-322,1998,11,11,898,10.0,4,2,4,0,0,2,0,0.40,0.20,0.60,0.40,0.60,2.5,2.5,2.4,4.9,0.25,0.24,0.49,0.25,0.49,Matches,79300479
,,,,,,,,,,,,,,,,,,,,,,,,,,,,,,,,,
,,,,,,,,,,,,,,,,,,,,,,,,,,,,,,,,,
"Provided by <a href=""https://www.sports-reference.com/sharing.html?utm_source=direct&utm_medium=Share&utm_campaign=ShareTool"">FBref.com</a>: <a href=""https://fbref.com/en/comps/9/stats/Premier-League-Stats?sr&utm_source=direct&utm_medium=Share&utm_campaign=ShareTool#stats_standard"">View Original Table</a><br>Generated 11/4/2022.",,,,,,,,,,,,,,,,,,,,,,,,,,,,,,,,,
