Rk,Player,Nation,Pos,Squad,Age,Weekly Wages,Annual Wages,Notes,Player-additional
1,Cristiano Ronaldo,pt POR,FW,Manchester Utd,37,£ 515000 (€ 593465 $583136),£ 26780000 (€ 30860193 $30323093),,dea698d9
2,Kevin De Bruyne,be BEL,MF,Manchester City,31,£ 400000 (€ 460944 $452921),£ 20800000 (€ 23969082 $23551917),,e46012d4
3,David de Gea,es ESP,GK,Manchester Utd,31,£ 375000 (€ 432135 $424614),£ 19500000 (€ 22471014 $22079922),,7ba6d84e
4,Erling Haaland,no NOR,FW,Manchester City,22,£ 375000 (€ 432135 $424614),£ 19500000 (€ 22471014 $22079922),,1f44ac21
5,Jadon Sancho,eng ENG,MFFW,Manchester Utd,22,£ 350000 (€ 403326 $396306),£ 18200000 (€ 20972947 $20607927),,dbf053da
6,Mohamed Salah,eg EGY,FWMF,Liverpool,30,£ 350000 (€ 403326 $396306),£ 18200000 (€ 20972947 $20607927),,e342ad68
7,Raphaël Varane,fr FRA,DF,Manchester Utd,29,£ 340000 (€ 391802 $384983),£ 17680000 (€ 20373719 $20019129),,9f8e9423
8,Raheem Sterling,eng ENG,FWDF,Chelsea,27,£ 325000 (€ 374517 $367999),£ 16900000 (€ 19474879 $19135933),,b400bde0
9,Casemiro,br BRA,MF,Manchester Utd,30,£ 300000 (€ 345708 $339691),£ 15600000 (€ 17976811 $17663938),Unverified estimation,4d224fe8
10,Jack Grealish,eng ENG,FWMF,Manchester City,26,£ 300000 (€ 345708 $339691),£ 15600000 (€ 17976811 $17663938),,b0b4fd3e
11,Kalidou Koulibaly,sn SEN,DF,Chelsea,31,£ 295000 (€ 339946 $334030),£ 15340000 (€ 17677198 $17369539),,da974c7b
12,N'Golo Kanté,fr FRA,MF,Chelsea,31,£ 290000 (€ 334184 $328368),£ 15080000 (€ 17377584 $17075140),,b9fbae28
13,Gabriel Jesus,br BRA,FW,Arsenal,25,£ 265000 (€ 305375 $300060),£ 13780000 (€ 15879517 $15603145),,b66315ae
14,Anthony Martial,fr FRA,FW,Manchester Utd,26,£ 250000 (€ 288090 $283076),£ 13000000 (€ 14980676 $14719948),,8b788c01
15,João Cancelo,pt POR,DF,Manchester City,28,£ 250000 (€ 288090 $283076),£ 13000000 (€ 14980676 $14719948),,bd6351cd
16,John Stones,eng ENG,DF,Manchester City,28,£ 250000 (€ 288090 $283076),£ 13000000 (€ 14980676 $14719948),,5eecec3d
17,Reece James,eng ENG,DFMF,Chelsea,22,£ 250000 (€ 288090 $283076),£ 13000000 (€ 14980676 $14719948),,1265a93a
18,Bruno Fernandes,pt POR,MF,Manchester Utd,27,£ 240000 (€ 276566 $271753),£ 12480000 (€ 14381449 $14131150),,507c7bdf
19,Phil Foden,eng ENG,MFFW,Manchester City,22,£ 225000 (€ 259281 $254768),£ 11700000 (€ 13482608 $13247953),,ed1e53f3
20,Virgil van Dijk,nl NED,DF,Liverpool,31,£ 220000 (€ 253519 $249107),£ 11440000 (€ 13182995 $12953554),,e06683ca
21,Rodri,es ESP,MFDF,Manchester City,26,£ 220000 (€ 253519 $249107),£ 11440000 (€ 13182995 $12953554),,6434f10d
22,Thomas Partey,gh GHA,MF,Arsenal,29,£ 200000 (€ 230472 $226461),£ 10400000 (€ 11984541 $11775958),,529f49ab
23,Antony,br BRA,MF,Manchester Utd,22,£ 200000 (€ 230472 $226461),£ 10400000 (€ 11984541 $11775958),,99127249
24,Marcus Rashford,eng ENG,FWMF,Manchester Utd,24,£ 200000 (€ 230472 $226461),£ 10400000 (€ 11984541 $11775958),,a1d5bd30
25,Harry Kane,eng ENG,FW,Tottenham,29,£ 200000 (€ 230472 $226461),£ 10400000 (€ 11984541 $11775958),,21a66f6a
26,Thiago Alcántara,es ESP,MF,Liverpool,31,£ 200000 (€ 230472 $226461),£ 10400000 (€ 11984541 $11775958),,77e84962
27,Wesley Fofana,fr FRA,DF,Chelsea,21,£ 200000 (€ 230472 $226461),£ 10400000 (€ 11984541 $11775958),,132a82f1
28,Jesse Lingard,eng ENG,MFFW,Nott'ham Forest,29,£ 200000 (€ 230472 $226461),£ 10400000 (€ 11984541 $11775958),,810e3c74
29,Harry Maguire,eng ENG,DF,Manchester Utd,29,£ 190000 (€ 218948 $215138),£ 9880000 (€ 11385314 $11187161),,d8931174
30,Son Heung-min,kr KOR,MFFW,Tottenham,30,£ 190000 (€ 218948 $215138),£ 9880000 (€ 11385314 $11187161),,92e7e919
31,Ben Chilwell,eng ENG,DFMF,Chelsea,25,£ 190000 (€ 218948 $215138),£ 9880000 (€ 11385314 $11187161),,d2424d1b
32,Ivan Perišić,hr CRO,DFMF,Tottenham,33,£ 180000 (€ 207425 $203815),£ 9360000 (€ 10786087 $10598363),,6fe90922
33,Fabinho,br BRA,MF,Liverpool,28,£ 180000 (€ 207425 $203815),£ 9360000 (€ 10786087 $10598363),,7f3b388c
34,Roberto Firmino,br BRA,FWMF,Liverpool,30,£ 180000 (€ 207425 $203815),£ 9360000 (€ 10786087 $10598363),,4c370d81
35,Trent Alexander-Arnold,eng ENG,DF,Liverpool,23,£ 180000 (€ 207425 $203815),£ 9360000 (€ 10786087 $10598363),,cd1acf9d
36,Manuel Akanji,ch SUI,DF,Manchester City,27,£ 180000 (€ 207425 $203815),£ 9360000 (€ 10786087 $10598363),,89ac64a6
37,Rúben Dias,pt POR,DF,Manchester City,25,£ 180000 (€ 207425 $203815),£ 9360000 (€ 10786087 $10598363),,31c69ef1
38,César Azpilicueta,es ESP,DF,Chelsea,32,£ 180000 (€ 207425 $203815),£ 9360000 (€ 10786087 $10598363),,53cad200
39,Marc Cucurella,es ESP,DF,Chelsea,24,£ 175000 (€ 201663 $198153),£ 9100000 (€ 10486473 $10303964),,1daec722
40,Cristian Romero,ar ARG,DF,Tottenham,24,£ 165000 (€ 190139 $186830),£ 8580000 (€ 9887246 $9715166),,a3d94a58
41,Lucas Digne,fr FRA,DF,Aston Villa,29,£ 160000 (€ 184378 $181169),£ 8320000 (€ 9587633 $9420767),,1b84dbe1
42,Kyle Walker,eng ENG,DF,Manchester City,32,£ 160000 (€ 184378 $181169),£ 8320000 (€ 9587633 $9420767),,86dd77d1
43,Riyad Mahrez,dz ALG,MFFW,Manchester City,31,£ 160000 (€ 184378 $181169),£ 8320000 (€ 9587633 $9420767),,892d5bb1
44,Pierre-Emerick Aubameyang,ga GAB,FW,Chelsea,33,£ 160000 (€ 184378 $181169),£ 8320000 (€ 9587633 $9420767),,d5dd5f1f
45,Oleksandr Zinchenko,ua UKR,DF,Arsenal,25,£ 150000 (€ 172854 $169846),£ 7800000 (€ 8988406 $8831969),,51cf8561
46,Christian Eriksen,dk DEN,MF,Manchester Utd,30,£ 150000 (€ 172854 $169846),£ 7800000 (€ 8988406 $8831969),,980522ec
47,Luke Shaw,eng ENG,DF,Manchester Utd,27,£ 150000 (€ 172854 $169846),£ 7800000 (€ 8988406 $8831969),,9c94165b
48,Lucas Paquetá,br BRA,MFFW,West Ham,24,£ 150000 (€ 172854 $169846),£ 7800000 (€ 8988406 $8831969),,9b6f7fd5
49,Alisson,br BRA,GK,Liverpool,29,£ 150000 (€ 172854 $169846),£ 7800000 (€ 8988406 $8831969),,7a2e46a8
50,Boubacar Kamara,fr FRA,MF,Aston Villa,22,£ 150000 (€ 172854 $169846),£ 7800000 (€ 8988406 $8831969),,cc77354e
51,Bernardo Silva,pt POR,MFFW,Manchester City,27,£ 150000 (€ 172854 $169846),£ 7800000 (€ 8988406 $8831969),,3eb22ec9
52,Kalvin Phillips,eng ENG,MF,Manchester City,26,£ 150000 (€ 172854 $169846),£ 7800000 (€ 8988406 $8831969),,4f565d77
53,Christian Pulisic,us USA,DFFW,Chelsea,23,£ 150000 (€ 172854 $169846),£ 7800000 (€ 8988406 $8831969),,1bf33a9a
54,Kai Havertz,de GER,FWMF,Chelsea,23,£ 150000 (€ 172854 $169846),£ 7800000 (€ 8988406 $8831969),,fed7cb61
55,Kepa Arrizabalaga,es ESP,GK,Chelsea,27,£ 150000 (€ 172854 $169846),£ 7800000 (€ 8988406 $8831969),,28d596a0
56,Clément Lenglet,fr FRA,DF,Tottenham,27,£ 145000 (€ 167092 $164184),£ 7540000 (€ 8688792 $8537570),Unverified estimation,4f28a6ff
57,Darwin Núñez,uy URU,FW,Liverpool,23,£ 140000 (€ 161330 $158523),£ 7280000 (€ 8389179 $8243171),,4d77b365
58,Diogo Jota,pt POR,FWMF,Liverpool,25,£ 140000 (€ 161330 $158523),£ 7280000 (€ 8389179 $8243171),,178ae8f8
59,Jordan Henderson,eng ENG,MF,Liverpool,32,£ 140000 (€ 161330 $158523),£ 7280000 (€ 8389179 $8243171),,935e6b8f
60,Jamie Vardy,eng ENG,FW,Leicester City,35,£ 140000 (€ 161330 $158523),£ 7280000 (€ 8389179 $8243171),,45963054
61,İlkay Gündoğan,de GER,MF,Manchester City,31,£ 140000 (€ 161330 $158523),£ 7280000 (€ 8389179 $8243171),,819b3158
62,Wilfried Zaha,ci CIV,FWMF,Crystal Palace,29,£ 130000 (€ 149807 $147199),£ 6760000 (€ 7789952 $7654373),,b2bc3b1f
63,Kurt Zouma,fr FRA,DF,West Ham,27,£ 125000 (€ 144045 $141538),£ 6500000 (€ 7490338 $7359974),,ce4246f5
64,Philippe Coutinho,br BRA,MFFW,Aston Villa,30,£ 125000 (€ 144045 $141538),£ 6500000 (€ 7490338 $7359974),,0ef89a37
65,Ben White,eng ENG,DF,Arsenal,24,£ 120000 (€ 138283 $135876),£ 6240000 (€ 7190725 $7065575),,35e413f1
66,Granit Xhaka,ch SUI,MF,Arsenal,29,£ 120000 (€ 138283 $135876),£ 6240000 (€ 7190725 $7065575),Unverified estimation,e61b8aee
67,Donny van de Beek,nl NED,MF,Manchester Utd,25,£ 120000 (€ 138283 $135876),£ 6240000 (€ 7190725 $7065575),,50dc94ce
68,Fred,br BRA,MF,Manchester Utd,29,£ 120000 (€ 138283 $135876),£ 6240000 (€ 7190725 $7065575),,b853e0ad
69,Lisandro Martínez,ar ARG,DF,Manchester Utd,24,£ 120000 (€ 138283 $135876),£ 6240000 (€ 7190725 $7065575),,bac46a10
70,Victor Lindelöf,se SWE,DF,Manchester Utd,28,£ 120000 (€ 138283 $135876),£ 6240000 (€ 7190725 $7065575),,f5deef4c
71,Alphonse Areola,fr FRA,GK,West Ham,29,£ 120000 (€ 138283 $135876),£ 6240000 (€ 7190725 $7065575),,2f965a72
72,Alex Oxlade-Chamberlain,eng ENG,FW,Liverpool,28,£ 120000 (€ 138283 $135876),£ 6240000 (€ 7190725 $7065575),,38c7feef
73,Naby Keïta,gn GUI,CM,Liverpool,27,£ 120000 (€ 138283 $135876),£ 6240000 (€ 7190725 $7065575),,f25c8e3a
74,Danny Ings,eng ENG,FW,Aston Villa,30,£ 120000 (€ 138283 $135876),£ 6240000 (€ 7190725 $7065575),,07802f7f
75,Emiliano Martínez,ar ARG,GK,Aston Villa,29,£ 120000 (€ 138283 $135876),£ 6240000 (€ 7190725 $7065575),,7956236f
76,Alexander Isak,se SWE,FW,Newcastle Utd,22,£ 120000 (€ 138283 $135876),£ 6240000 (€ 7190725 $7065575),,8e92be30
77,Bruno Guimarães,br BRA,MF,Newcastle Utd,24,£ 120000 (€ 138283 $135876),£ 6240000 (€ 7190725 $7065575),,82518f62
78,Aymeric Laporte,es ESP,DF,Manchester City,28,£ 120000 (€ 138283 $135876),£ 6240000 (€ 7190725 $7065575),,119b9a8e
79,Ruben Loftus-Cheek,eng ENG,MF,Chelsea,26,£ 120000 (€ 138283 $135876),£ 6240000 (€ 7190725 $7065575),,e97fd090
80,Abdoulaye Doucouré,ml MLI,MF,Everton,29,£ 120000 (€ 138283 $135876),£ 6240000 (€ 7190725 $7065575),,02b29014
81,Alex Iwobi,ng NGA,MF,Everton,26,£ 120000 (€ 138283 $135876),£ 6240000 (€ 7190725 $7065575),,6ca5ec4b
82,Yerry Mina,co COL,DF,Everton,27,£ 120000 (€ 138283 $135876),£ 6240000 (€ 7190725 $7065575),,6d5701f2
83,Martin Ødegaard,no NOR,MF,Arsenal,23,£ 115000 (€ 132521 $130215),£ 5980000 (€ 6891111 $6771176),,79300479
84,Kieran Tierney,sct SCO,DF,Arsenal,25,£ 110000 (€ 126760 $124553),£ 5720000 (€ 6591497 $6476777),,fce2302c
85,Dejan Kulusevski,se SWE,MFDF,Tottenham,22,£ 110000 (€ 126760 $124553),£ 5720000 (€ 6591497 $6476777),,df3cda47
86,Arthur Melo,br BRA,MF,Liverpool,25,£ 110000 (€ 126760 $124553),£ 5720000 (€ 6591497 $6476777),Unverified estimation,48b3dd60
87,James Maddison,eng ENG,MFFW,Leicester City,25,£ 110000 (€ 126760 $124553),£ 5720000 (€ 6591497 $6476777),,ee38d9c5
88,Jorginho,it ITA,MF,Chelsea,30,£ 110000 (€ 126760 $124553),£ 5720000 (€ 6591497 $6476777),,45db685d
89,Thiago Silva,br BRA,DF,Chelsea,37,£ 110000 (€ 126760 $124553),£ 5720000 (€ 6591497 $6476777),,86e7deaf
90,Eddie Nketiah,eng ENG,FWMF,Arsenal,23,£ 100000 (€ 115236 $113230),£ 5200000 (€ 5992270 $5887979),,a53649b7
91,Hugo Lloris,fr FRA,GK,Tottenham,35,£ 100000 (€ 115236 $113230),£ 5200000 (€ 5992270 $5887979),,8f62b6ee
92,Pierre Højbjerg,dk DEN,MF,Tottenham,26,£ 100000 (€ 115236 $113230),£ 5200000 (€ 5992270 $5887979),,8b04d6c1
93,Andrew Robertson,sct SCO,DF,Liverpool,28,£ 100000 (€ 115236 $113230),£ 5200000 (€ 5992270 $5887979),,2e4f5f03
94,Joël Matip,cm CMR,DF,Liverpool,30,£ 100000 (€ 115236 $113230),£ 5200000 (€ 5992270 $5887979),,b217ef29
95,Diego Carlos,br BRA,DF,Aston Villa,29,£ 100000 (€ 115236 $113230),£ 5200000 (€ 5992270 $5887979),,b4a014b1
96,Leon Bailey,jm JAM,MFFW,Aston Villa,24,£ 100000 (€ 115236 $113230),£ 5200000 (€ 5992270 $5887979),,3a233281
97,João Moutinho,pt POR,MF,Wolves,35,£ 100000 (€ 115236 $113230),£ 5200000 (€ 5992270 $5887979),,f5a00fa4
98,Jonny Evans,nir NIR,DF,Leicester City,34,£ 100000 (€ 115236 $113230),£ 5200000 (€ 5992270 $5887979),,f8fcd2a5
99,Kieran Trippier,eng ENG,DF,Newcastle Utd,31,£ 100000 (€ 115236 $113230),£ 5200000 (€ 5992270 $5887979),,21512407
100,Matt Targett,eng ENG,DF,Newcastle Utd,26,£ 100000 (€ 115236 $113230),£ 5200000 (€ 5992270 $5887979),,e514ab62
101,Ederson,br BRA,GK,Manchester City,28,£ 100000 (€ 115236 $113230),£ 5200000 (€ 5992270 $5887979),,3bb7b8b4
102,Carney Chukwuemeka,eng ENG,CM,Chelsea,18,£ 100000 (€ 115236 $113230),£ 5200000 (€ 5992270 $5887979),,b2f9c73e
103,Hakim Ziyech,ma MAR,MFFW,Chelsea,29,£ 100000 (€ 115236 $113230),£ 5200000 (€ 5992270 $5887979),,6622454d
104,Mateo Kovačić,hr CRO,MF,Chelsea,28,£ 100000 (€ 115236 $113230),£ 5200000 (€ 5992270 $5887979),,79c0821a
105,Amadou Onana,be BEL,MF,Everton,20,£ 100000 (€ 115236 $113230),£ 5200000 (€ 5992270 $5887979),,828657ff
106,Dominic Calvert-Lewin,eng ENG,FW,Everton,25,£ 100000 (€ 115236 $113230),£ 5200000 (€ 5992270 $5887979),,59e6e5bf
107,James Tarkowski,eng ENG,DF,Everton,29,£ 100000 (€ 115236 $113230),£ 5200000 (€ 5992270 $5887979),,15ea812b
108,Jordan Pickford,eng ENG,GK,Everton,28,£ 100000 (€ 115236 $113230),£ 5200000 (€ 5992270 $5887979),,4806ec67
109,Dean Henderson,eng ENG,GK,Nott'ham Forest,25,£ 100000 (€ 115236 $113230),£ 5200000 (€ 5992270 $5887979),,e5a76dfe
110,Emerson Palmieri,it ITA,DFMF,West Ham,27,£ 95000 (€ 109474 $107569),£ 4940000 (€ 5692657 $5593580),,e0bc6fdc
111,Odsonne Édouard,fr FRA,FW,Crystal Palace,24,£ 94808 (€ 109253 $107351),£ 4930000 (€ 5681133 $5582257),Unverified estimation,0562b7f1
112,Adam Lallana,eng ENG,MFFW,Brighton,34,£ 90385 (€ 104156 $102343),£ 4700000 (€ 5416091 $5321827),,99813635
113,Martinelli,br BRA,MFFW,Arsenal,21,£ 90000 (€ 103712 $101907),£ 4680000 (€ 5393043 $5299181),,48a5a5d6
114,Aaron Wan-Bissaka,eng ENG,DF,Manchester Utd,24,£ 90000 (€ 103712 $101907),£ 4680000 (€ 5393043 $5299181),,9e525177
115,Lucas Moura,br BRA,FWMF,Tottenham,29,£ 90000 (€ 103712 $101907),£ 4680000 (€ 5393043 $5299181),,2b622f01
116,Richarlison,br BRA,MFFW,Tottenham,25,£ 90000 (€ 103712 $101907),£ 4680000 (€ 5393043 $5299181),,fa031b34
117,Gianluca Scamacca,it ITA,FW,West Ham,23,£ 90000 (€ 103712 $101907),£ 4680000 (€ 5393043 $5299181),,8790f988
118,Leander Dendoncker,be BEL,MF,Aston Villa,27,£ 90000 (€ 103712 $101907),£ 4680000 (€ 5393043 $5299181),Unverified estimation,5a7301ae
119,Sven Botman,nl NED,DF,Newcastle Utd,22,£ 90000 (€ 103712 $101907),£ 4680000 (€ 5393043 $5299181),,ccce7025
120,Benjamin Mendy,fr FRA,LB,Manchester City,28,£ 90000 (€ 103712 $101907),£ 4680000 (€ 5393043 $5299181),,5271c8f1
121,Nathan Aké,nl NED,DF,Manchester City,27,£ 90000 (€ 103712 $101907),£ 4680000 (€ 5393043 $5299181),,eaeca114
122,Denis Zakaria,ch SUI,MF,Chelsea,25,£ 90000 (€ 103712 $101907),£ 4680000 (€ 5393043 $5299181),,384d58d9
123,Layvin Kurzawa,fr FRA,DF,Fulham,29,£ 89231 (€ 102826 $101036),£ 4640000 (€ 5346949 $5253889),Unverified estimation,41e7ef1c
124,Tanguy Ndombele,fr FRA,,Tottenham,25,£ 88846 (€ 102383 $100601),£ 4620000 (€ 5323902 $5231243),Unverified estimation,5cdddffa
125,Eric Dier,eng ENG,DF,Tottenham,28,£ 85000 (€ 97951 $96246),£ 4420000 (€ 5093430 $5004782),,ac861941
126,Michail Antonio,jm JAM,FW,West Ham,32,£ 85000 (€ 97951 $96246),£ 4420000 (€ 5093430 $5004782),,ac05f970
127,Joe Gomez,eng ENG,DF,Liverpool,25,£ 85000 (€ 97951 $96246),£ 4420000 (€ 5093430 $5004782),Unverified estimation,7a11550b
128,Matheus Nunes,pt POR,MF,Wolves,23,£ 85000 (€ 97951 $96246),£ 4420000 (€ 5093430 $5004782),,e6af02e0
129,Joelinton,br BRA,MFFW,Newcastle Utd,25,£ 85000 (€ 97951 $96246),£ 4420000 (€ 5093430 $5004782),,c17bfb65
130,Nathaniel Clyne,eng ENG,DF,Crystal Palace,31,£ 80769 (€ 93075 $91455),£ 4200000 (€ 4839911 $4755676),,0442183b
131,Ben Davies,wls WAL,DF,Tottenham,29,£ 80000 (€ 92189 $90584),£ 4160000 (€ 4793816 $4710383),Unverified estimation,44781702
132,Thilo Kehrer,de GER,DF,West Ham,25,£ 80000 (€ 92189 $90584),£ 4160000 (€ 4793816 $4710383),,51dbeea9
133,Matty Cash,pl POL,DF,Aston Villa,24,£ 80000 (€ 92189 $90584),£ 4160000 (€ 4793816 $4710383),Unverified estimation,2389cdc2
134,Tyrone Mings,eng ENG,DF,Aston Villa,29,£ 80000 (€ 92189 $90584),£ 4160000 (€ 4793816 $4710383),,8397a50c
135,Boubakary Soumaré,fr FRA,MF,Leicester City,23,£ 80000 (€ 92189 $90584),£ 4160000 (€ 4793816 $4710383),,ae59b359
136,Kelechi Iheanacho,ng NGA,FWMF,Leicester City,25,£ 80000 (€ 92189 $90584),£ 4160000 (€ 4793816 $4710383),,c92e1a31
137,Ricardo Pereira,pt POR,RB,Leicester City,28,£ 80000 (€ 92189 $90584),£ 4160000 (€ 4793816 $4710383),,75a72a99
138,Ryan Bertrand,eng ENG,LB,Leicester City,33,£ 80000 (€ 92189 $90584),£ 4160000 (€ 4793816 $4710383),,01226327
139,Chris Wood,nz NZL,FW,Newcastle Utd,30,£ 80000 (€ 92189 $90584),£ 4160000 (€ 4793816 $4710383),Unverified estimation,4e9a0555
140,Joe Willock,eng ENG,MF,Newcastle Utd,22,£ 80000 (€ 92189 $90584),£ 4160000 (€ 4793816 $4710383),Unverified estimation,a3b03921
141,Mason Mount,eng ENG,MF,Chelsea,23,£ 80000 (€ 92189 $90584),£ 4160000 (€ 4793816 $4710383),,9674002f
142,Idrissa Gana Gueye,sn SEN,MF,Everton,32,£ 80000 (€ 92189 $90584),£ 4160000 (€ 4793816 $4710383),Unverified estimation,72c812f3
143,Michael Keane,eng ENG,DF,Everton,29,£ 80000 (€ 92189 $90584),£ 4160000 (€ 4793816 $4710383),Unverified estimation,c5b7c315
144,Salomón Rondón,ve VEN,FW,Everton,32,£ 80000 (€ 92189 $90584),£ 4160000 (€ 4793816 $4710383),Unverified estimation,b318a643
145,Joachim Andersen,dk DEN,DF,Crystal Palace,26,£ 79423 (€ 91524 $89931),£ 4130000 (€ 4759246 $4676414),Unverified estimation,e34fc66d
146,Vicente Guaita,es ESP,GK,Crystal Palace,35,£ 76923 (€ 88643 $87100),£ 4000000 (€ 4609439 $4529215),,ab13a5aa
147,Nélson Semedo,pt POR,DF,Wolves,28,£ 76923 (€ 88643 $87100),£ 4000000 (€ 4609439 $4529215),,d04b94db
148,Cédric Soares,pt POR,DF,Arsenal,30,£ 75000 (€ 86427 $84923),£ 3900000 (€ 4494203 $4415984),,839c14e1
149,Phil Jones,eng ENG,CB,Manchester Utd,30,£ 75000 (€ 86427 $84923),£ 3900000 (€ 4494203 $4415984),,def899bd
150,Tyrell Malacia,nl NED,DF,Manchester Utd,22,£ 75000 (€ 86427 $84923),£ 3900000 (€ 4494203 $4415984),Unverified estimation,6b6c793c
151,Theo Walcott,eng ENG,MFFW,Southampton,33,£ 75000 (€ 86427 $84923),£ 3900000 (€ 4494203 $4415984),,1ecb65be
152,Fraser Forster,eng ENG,GK,Tottenham,34,£ 75000 (€ 86427 $84923),£ 3900000 (€ 4494203 $4415984),Unverified estimation,c3e39f12
153,Rodrigo Bentancur,uy URU,MFFW,Tottenham,25,£ 75000 (€ 86427 $84923),£ 3900000 (€ 4494203 $4415984),Unverified estimation,3b8674e6
154,Douglas Luiz,br BRA,MF,Aston Villa,24,£ 75000 (€ 86427 $84923),£ 3900000 (€ 4494203 $4415984),Unverified estimation,6f7d826d
155,Emi Buendía,ar ARG,MFFW,Aston Villa,25,£ 75000 (€ 86427 $84923),£ 3900000 (€ 4494203 $4415984),,66b76d44
156,Ollie Watkins,eng ENG,FWMF,Aston Villa,26,£ 75000 (€ 86427 $84923),£ 3900000 (€ 4494203 $4415984),,aed3a70f
157,Dennis Praet,be BEL,MF,Leicester City,28,£ 75000 (€ 86427 $84923),£ 3900000 (€ 4494203 $4415984),,86695068
158,Patson Daka,zm ZAM,FW,Leicester City,23,£ 75000 (€ 86427 $84923),£ 3900000 (€ 4494203 $4415984),Unverified estimation,ca45605e
159,Wilfred Ndidi,ng NGA,MFDF,Leicester City,25,£ 75000 (€ 86427 $84923),£ 3900000 (€ 4494203 $4415984),,6b47c5db
160,Ben Godfrey,eng ENG,DF,Everton,24,£ 75000 (€ 86427 $84923),£ 3900000 (€ 4494203 $4415984),,9f7c837d
161,Bukayo Saka,eng ENG,MFFW,Arsenal,20,£ 70000 (€ 80665 $79261),£ 3640000 (€ 4194589 $4121585),,bc7dc64d
162,Angelo Ogbonna,it ITA,DF,West Ham,34,£ 70000 (€ 80665 $79261),£ 3640000 (€ 4194589 $4121585),,74b2cd7e
163,Manuel Lanzini,ar ARG,MF,West Ham,29,£ 70000 (€ 80665 $79261),£ 3640000 (€ 4194589 $4121585),,26f6dca8
164,Ibrahima Konaté,fr FRA,DF,Liverpool,23,£ 70000 (€ 80665 $79261),£ 3640000 (€ 4194589 $4121585),,5ed9b537
165,Jacob Ramsey,eng ENG,MF,Aston Villa,21,£ 70000 (€ 80665 $79261),£ 3640000 (€ 4194589 $4121585),,1544f145
166,Jannik Vestergaard,dk DEN,CB,Leicester City,29,£ 70000 (€ 80665 $79261),£ 3640000 (€ 4194589 $4121585),Unverified estimation,1900032e
167,Allan Saint-Maximin,fr FRA,FW,Newcastle Utd,25,£ 70000 (€ 80665 $79261),£ 3640000 (€ 4194589 $4121585),,2b16cb1a
168,Jonjo Shelvey,eng ENG,MF,Newcastle Utd,30,£ 70000 (€ 80665 $79261),£ 3640000 (€ 4194589 $4121585),,3727dd3c
169,Mason Holgate,eng ENG,DF,Everton,25,£ 70000 (€ 80665 $79261),£ 3640000 (€ 4194589 $4121585),,d0042ab9
170,Brandon Williams,eng ENG,LB,Manchester Utd,21,£ 65000 (€ 74903 $73600),£ 3380000 (€ 3894976 $3827187),,5e74d6c8
171,Davinson Sánchez,co COL,DF,Tottenham,26,£ 65000 (€ 74903 $73600),£ 3380000 (€ 3894976 $3827187),,da7b447d
172,Matt Doherty,ie IRL,DF,Tottenham,30,£ 65000 (€ 74903 $73600),£ 3380000 (€ 3894976 $3827187),,d557d734
173,Łukasz Fabiański,pl POL,GK,West Ham,37,£ 65000 (€ 74903 $73600),£ 3380000 (€ 3894976 $3827187),,9328b835
174,Maxwel Cornet,ci CIV,MFFW,West Ham,25,£ 65000 (€ 74903 $73600),£ 3380000 (€ 3894976 $3827187),Unverified estimation,beb391dd
175,Pablo Fornals,es ESP,MFDF,West Ham,26,£ 65000 (€ 74903 $73600),£ 3380000 (€ 3894976 $3827187),,82927de4
176,Tomáš Souček,cz CZE,MF,West Ham,27,£ 65000 (€ 74903 $73600),£ 3380000 (€ 3894976 $3827187),,6613c819
177,Nathaniel Phillips,eng ENG,CB,Liverpool,25,£ 65000 (€ 74903 $73600),£ 3380000 (€ 3894976 $3827187),,515ebe8d
178,Timothy Castagne,be BEL,DF,Leicester City,26,£ 65000 (€ 74903 $73600),£ 3380000 (€ 3894976 $3827187),,197640fd
179,Renan Lodi,br BRA,DF,Nott'ham Forest,24,£ 62308 (€ 71801 $70551),£ 3240000 (€ 3733645 $3668664),Unverified estimation,ed9f7cfe
180,Aaron Ramsdale,eng ENG,GK,Arsenal,24,£ 60000 (€ 69142 $67938),£ 3120000 (€ 3595362 $3532788),,466fb2c5
181,Scott McTominay,sct SCO,MF,Manchester Utd,25,£ 60000 (€ 69142 $67938),£ 3120000 (€ 3595362 $3532788),,d93c2511
182,Mohamed Elyounoussi,no NOR,MFDF,Southampton,27,£ 60000 (€ 69142 $67938),£ 3120000 (€ 3595362 $3532788),,68dc0dac
183,Nathan Redmond,eng ENG,DF,Southampton,28,£ 60000 (€ 69142 $67938),£ 3120000 (€ 3595362 $3532788),,ab651565
184,Declan Rice,eng ENG,MF,West Ham,23,£ 60000 (€ 69142 $67938),£ 3120000 (€ 3595362 $3532788),,1c7012b8
185,Jarrod Bowen,eng ENG,MFFW,West Ham,25,£ 60000 (€ 69142 $67938),£ 3120000 (€ 3595362 $3532788),,79c84d1c
186,Adrián,es ESP,GK,Liverpool,35,£ 60000 (€ 69142 $67938),£ 3120000 (€ 3595362 $3532788),Unverified estimation,f76e6b4e
187,James Milner,eng ENG,MF,Liverpool,36,£ 60000 (€ 69142 $67938),£ 3120000 (€ 3595362 $3532788),Unverified estimation,2f90f6b8
188,Jan Bednarek,pl POL,DF,Aston Villa,26,£ 60000 (€ 69142 $67938),£ 3120000 (€ 3595362 $3532788),,4115ce4e
189,Daniel Podence,pt POR,MFFW,Wolves,26,£ 60000 (€ 69142 $67938),£ 3120000 (€ 3595362 $3532788),,7fcc71d8
190,Nick Pope,eng ENG,GK,Newcastle Utd,30,£ 60000 (€ 69142 $67938),£ 3120000 (€ 3595362 $3532788),,4b40d9ca
191,Aleksandar Mitrović,rs SRB,FW,Fulham,27,£ 60000 (€ 69142 $67938),£ 3120000 (€ 3595362 $3532788),,3925dbd6
192,Vitaliy Mykolenko,ua UKR,DFMF,Everton,23,£ 58000 (€ 66837 $65674),£ 3016000 (€ 3475517 $3415028),,30d4a2e5
193,Rodrigo,es ESP,FWMF,Leeds United,31,£ 57692 (€ 66482 $65325),£ 3000000 (€ 3457079 $3396911),,1fb1c435
194,Jeffrey Schlupp,gh GHA,MF,Crystal Palace,29,£ 55962 (€ 64488 $63365),£ 2910000 (€ 3353367 $3295004),,3312f911
195,Mohamed Elneny,eg EGY,MF,Arsenal,30,£ 55000 (€ 63380 $62277),£ 2860000 (€ 3295749 $3238389),,47a34c4f
196,Takehiro Tomiyasu,jp JPN,DF,Arsenal,23,£ 55000 (€ 63380 $62277),£ 2860000 (€ 3295749 $3238389),,b3af9be1
197,Ibrahima Diallo,fr FRA,MF,Southampton,23,£ 55000 (€ 63380 $62277),£ 2860000 (€ 3295749 $3238389),,11ff3d56
198,Moussa Djenepo,ml MLI,DFMF,Southampton,24,£ 55000 (€ 63380 $62277),£ 2860000 (€ 3295749 $3238389),,254147d4
199,Ryan Sessegnon,eng ENG,MFDF,Tottenham,22,£ 55000 (€ 63380 $62277),£ 2860000 (€ 3295749 $3238389),,6aa3e78b
200,Yves Bissouma,ml MLI,MF,Tottenham,25,£ 55000 (€ 63380 $62277),£ 2860000 (€ 3295749 $3238389),Unverified estimation,6c203af0
201,Jaïro Riedewald,nl NED,DFMF,Crystal Palace,25,£ 55000 (€ 63380 $62277),£ 2860000 (€ 3295749 $3238389),,7a1f2c08
202,James McArthur,sct SCO,CM,Crystal Palace,34,£ 55000 (€ 63380 $62277),£ 2860000 (€ 3295749 $3238389),,cee31595
203,Luka Milivojević,rs SRB,MF,Crystal Palace,31,£ 55000 (€ 63380 $62277),£ 2860000 (€ 3295749 $3238389),,2ce2508a
204,Jefferson Lerma,co COL,MFDF,Bournemouth,27,£ 55000 (€ 63380 $62277),£ 2860000 (€ 3295749 $3238389),,9b5ce51a
205,Saïd Benrahma,dz ALG,MFFW,West Ham,26,£ 55000 (€ 63380 $62277),£ 2860000 (€ 3295749 $3238389),,5a04fd92
206,Luis Díaz,co COL,FWMF,Liverpool,25,£ 55000 (€ 63380 $62277),£ 2860000 (€ 3295749 $3238389),,4a1a9578
207,John McGinn,sct SCO,MF,Aston Villa,27,£ 55000 (€ 63380 $62277),£ 2860000 (€ 3295749 $3238389),,90f91999
208,Nampalys Mendy,sn SEN,MF,Leicester City,30,£ 55000 (€ 63380 $62277),£ 2860000 (€ 3295749 $3238389),,1598599e
209,Emil Krafth,se SWE,DF,Newcastle Utd,27,£ 55000 (€ 63380 $62277),£ 2860000 (€ 3295749 $3238389),,77cf6852
210,Stefan Ortega,de GER,GK,Manchester City,29,£ 55000 (€ 63380 $62277),£ 2860000 (€ 3295749 $3238389),,c1242d4e
211,Edouard Mendy,sn SEN,GK,Chelsea,30,£ 55000 (€ 63380 $62277),£ 2860000 (€ 3295749 $3238389),,33887998
212,Danny Welbeck,eng ENG,FW,Brighton,31,£ 55000 (€ 63380 $62277),£ 2860000 (€ 3295749 $3238389),,ce5143da
213,Conor Coady,eng ENG,DF,Everton,29,£ 55000 (€ 63380 $62277),£ 2860000 (€ 3295749 $3238389),,2928dca2
214,Séamus Coleman,ie IRL,DF,Everton,33,£ 55000 (€ 63380 $62277),£ 2860000 (€ 3295749 $3238389),Unverified estimation,0420d84f
215,Will Hughes,eng ENG,MF,Crystal Palace,27,£ 53846 (€ 62050 $60970),£ 2800000 (€ 3226607 $3170450),Unverified estimation,a0666d3e
216,Jean-Philippe Mateta,fr FRA,FW,Crystal Palace,25,£ 53462 (€ 61607 $60535),£ 2780000 (€ 3203560 $3147804),,50e6dc35
217,Nathaniel Chalobah,eng ENG,MF,Fulham,27,£ 51923 (€ 59834 $58793),£ 2700000 (€ 3111371 $3057220),Unverified estimation,422862ea
218,Kenny Tete,nl NED,DF,Fulham,26,£ 50962 (€ 58726 $57704),£ 2650000 (€ 3053753 $3000605),,77d7c96f
219,Marc Guéhi,eng ENG,DF,Crystal Palace,22,£ 50192 (€ 57840 $56833),£ 2610000 (€ 3007659 $2955313),Unverified estimation,d0706b27
220,Albert Sambi Lokonga,be BEL,MF,Arsenal,22,£ 50000 (€ 57618 $56615),£ 2600000 (€ 2996135 $2943990),,1b4f1169
221,Gabriel Dos Santos,br BRA,DF,Arsenal,24,£ 50000 (€ 57618 $56615),£ 2600000 (€ 2996135 $2943990),,67ac5bb8
222,Axel Tuanzebe,eng ENG,CB,Manchester Utd,24,£ 50000 (€ 57618 $56615),£ 2600000 (€ 2996135 $2943990),,2baec6ce
223,Alex McCarthy,eng ENG,GK,Southampton,32,£ 50000 (€ 57618 $56615),£ 2600000 (€ 2996135 $2943990),,36c2ca73
224,Stuart Armstrong,sct SCO,MF,Southampton,30,£ 50000 (€ 57618 $56615),£ 2600000 (€ 2996135 $2943990),,97333cf5
225,James Tomkins,eng ENG,DF,Crystal Palace,33,£ 50000 (€ 57618 $56615),£ 2600000 (€ 2996135 $2943990),,e7ca0439
226,David Brooks,wls WAL,RW,Bournemouth,25,£ 50000 (€ 57618 $56615),£ 2600000 (€ 2996135 $2943990),,dc4cae05
227,Dominic Solanke,eng ENG,FWMF,Bournemouth,24,£ 50000 (€ 57618 $56615),£ 2600000 (€ 2996135 $2943990),,e77dc3b2
228,Marcos Senesi,ar ARG,DF,Bournemouth,25,£ 50000 (€ 57618 $56615),£ 2600000 (€ 2996135 $2943990),Unverified estimation,35141f4c
229,Neto,br BRA,GK,Bournemouth,33,£ 50000 (€ 57618 $56615),£ 2600000 (€ 2996135 $2943990),Unverified estimation,a9dc785c
230,Aaron Cresswell,eng ENG,DF,West Ham,32,£ 50000 (€ 57618 $56615),£ 2600000 (€ 2996135 $2943990),,4f974391
231,Nayef Aguerd,ma MAR,DF,West Ham,26,£ 50000 (€ 57618 $56615),£ 2600000 (€ 2996135 $2943990),Unverified estimation,288e1e13
232,Kostas Tsimikas,gr GRE,DF,Liverpool,26,£ 50000 (€ 57618 $56615),£ 2600000 (€ 2996135 $2943990),,f315ca93
233,Ashley Young,eng ENG,DF,Aston Villa,37,£ 50000 (€ 57618 $56615),£ 2600000 (€ 2996135 $2943990),,be927d03
234,Calum Chambers,eng ENG,DF,Aston Villa,27,£ 50000 (€ 57618 $56615),£ 2600000 (€ 2996135 $2943990),,dc6f5bdd
235,Robin Olsen,se SWE,GK,Aston Villa,32,£ 50000 (€ 57618 $56615),£ 2600000 (€ 2996135 $2943990),,e7ee38c3
236,Diego Costa,es ESP,FW,Wolves,33,£ 50000 (€ 57618 $56615),£ 2600000 (€ 2996135 $2943990),Unverified estimation,a190d597
237,Pedro Neto,pt POR,FWMF,Wolves,22,£ 50000 (€ 57618 $56615),£ 2600000 (€ 2996135 $2943990),,7ba2eaa9
238,Rúben Neves,pt POR,MFDF,Wolves,25,£ 50000 (€ 57618 $56615),£ 2600000 (€ 2996135 $2943990),,44bfb6c5
239,Wout Faes,be BEL,DF,Leicester City,24,£ 50000 (€ 57618 $56615),£ 2600000 (€ 2996135 $2943990),Unverified estimation,9c221d14
240,Sean Longstaff,eng ENG,MF,Newcastle Utd,24,£ 50000 (€ 57618 $56615),£ 2600000 (€ 2996135 $2943990),,a2b105e0
241,Julián Álvarez,ar ARG,FW,Manchester City,22,£ 50000 (€ 57618 $56615),£ 2600000 (€ 2996135 $2943990),,15ab5a2b
242,Sergio Gómez,es ESP,DF,Manchester City,21,£ 50000 (€ 57618 $56615),£ 2600000 (€ 2996135 $2943990),Unverified estimation,01e5f06e
243,Conor Gallagher,eng ENG,MF,Chelsea,22,£ 50000 (€ 57618 $56615),£ 2600000 (€ 2996135 $2943990),Unverified estimation,c2731c10
244,Pascal Groß,de GER,MFFW,Brighton,31,£ 50000 (€ 57618 $56615),£ 2600000 (€ 2996135 $2943990),,8aec0537
245,Neal Maupay,fr FRA,FW,Everton,25,£ 50000 (€ 57618 $56615),£ 2600000 (€ 2996135 $2943990),Unverified estimation,4bcf39f6
246,Daniel James,wls WAL,MF,Fulham,24,£ 50000 (€ 57618 $56615),£ 2600000 (€ 2996135 $2943990),Unverified estimation,c931d9f9
247,Lyanco,br BRA,DF,Southampton,25,£ 48077 (€ 55402 $54438),£ 2500000 (€ 2880899 $2830759),Unverified estimation,b5bf1770
248,Adam Armstrong,eng ENG,FWMF,Southampton,25,£ 47885 (€ 55180 $54220),£ 2490000 (€ 2869376 $2819436),Unverified estimation,68c720b5
249,Michael Olise,fr FRA,MFFW,Crystal Palace,20,£ 47500 (€ 54737 $53784),£ 2470000 (€ 2846328 $2796790),Unverified estimation,c4486bac
250,Robin Koch,de GER,DF,Leeds United,26,£ 46154 (€ 53186 $52260),£ 2400000 (€ 2765663 $2717529),,ea6bc03a
251,Callum Wilson,eng ENG,FW,Newcastle Utd,30,£ 46000 (€ 53009 $52086),£ 2392000 (€ 2756444 $2708470),,c596fcb0
252,Fabio Vieira,pt POR,MF,Arsenal,22,£ 45000 (€ 51856 $50954),£ 2340000 (€ 2696522 $2649591),,6412cc03
253,Tom Heaton,eng ENG,GK,Manchester Utd,36,£ 45000 (€ 51856 $50954),£ 2340000 (€ 2696522 $2649591),,a6de6361
254,James Ward-Prowse,eng ENG,MF,Southampton,27,£ 45000 (€ 51856 $50954),£ 2340000 (€ 2696522 $2649591),,3515d404
255,Jack Butland,eng ENG,GK,Crystal Palace,29,£ 45000 (€ 51856 $50954),£ 2340000 (€ 2696522 $2649591),,cc70a1d5
256,Jack Stephens,eng ENG,DFMF,Bournemouth,28,£ 45000 (€ 51856 $50954),£ 2340000 (€ 2696522 $2649591),,6adbc307
257,Craig Dawson,eng ENG,DF,West Ham,32,£ 45000 (€ 51856 $50954),£ 2340000 (€ 2696522 $2649591),Unverified estimation,3e9e06cb
258,Keinan Davis,eng ENG,CF,Aston Villa,24,£ 45000 (€ 51856 $50954),£ 2340000 (€ 2696522 $2649591),,9deaf2c8
259,Morgan Sanson,fr FRA,CM,Aston Villa,27,£ 45000 (€ 51856 $50954),£ 2340000 (€ 2696522 $2649591),,6e7f1353
260,Ayoze Pérez,es ESP,MF,Leicester City,29,£ 45000 (€ 51856 $50954),£ 2340000 (€ 2696522 $2649591),,819aa8e7
261,Çağlar Söyüncü,tr TUR,DF,Leicester City,26,£ 45000 (€ 51856 $50954),£ 2340000 (€ 2696522 $2649591),,21166ff4
262,Marc Albrighton,eng ENG,MF,Leicester City,32,£ 45000 (€ 51856 $50954),£ 2340000 (€ 2696522 $2649591),,b827d5b3
263,Matt Ritchie,sct SCO,FW,Newcastle Utd,32,£ 45000 (€ 51856 $50954),£ 2340000 (€ 2696522 $2649591),,71ef519e
264,Lewis Dunk,eng ENG,DF,Brighton,30,£ 45000 (€ 51856 $50954),£ 2340000 (€ 2696522 $2649591),,282f75f3
265,Asmir Begović,ba BIH,GK,Everton,35,£ 45000 (€ 51856 $50954),£ 2340000 (€ 2696522 $2649591),Unverified estimation,7b4de647
266,Adama Traoré,es ESP,MF,Wolves,26,£ 43077 (€ 49640 $48776),£ 2240000 (€ 2581286 $2536360),,9a28eba4
267,Leandro Trossard,be BEL,MFDF,Brighton,27,£ 42500 (€ 48975 $48123),£ 2210000 (€ 2546715 $2502391),,38ceb24a
268,Junior Firpo,es ESP,DF,Leeds United,25,£ 42308 (€ 48754 $47905),£ 2200000 (€ 2535191 $2491068),Unverified estimation,24f59bb2
269,Miguel Almirón,py PAR,FW,Newcastle Utd,28,£ 42000 (€ 48399 $47557),£ 2184000 (€ 2516754 $2472951),,862a1c15
270,Ryan Fraser,sct SCO,FW,Newcastle Utd,28,£ 42000 (€ 48399 $47557),£ 2184000 (€ 2516754 $2472951),,d56543a0
271,Raúl Jiménez,mx MEX,FW,Wolves,31,£ 41154 (€ 47424 $46599),£ 2140000 (€ 2466050 $2423130),,b561db50
272,Tosin Adarabioyo,eng ENG,DF,Fulham,24,£ 40577 (€ 46759 $45945),£ 2110000 (€ 2431479 $2389161),,c81d773d
273,Emile Smith Rowe,eng ENG,MF,Arsenal,22,£ 40000 (€ 46094 $45292),£ 2080000 (€ 2396908 $2355192),,17695062
274,Rob Holding,eng ENG,DF,Arsenal,26,£ 40000 (€ 46094 $45292),£ 2080000 (€ 2396908 $2355192),,d79a8c87
275,William Saliba,fr FRA,DF,Arsenal,21,£ 40000 (€ 46094 $45292),£ 2080000 (€ 2396908 $2355192),,972aeb2a
276,Martin Dúbravka,sk SVK,GK,Manchester Utd,33,£ 40000 (€ 46094 $45292),£ 2080000 (€ 2396908 $2355192),,3a949a25
277,Bryan,es ESP,MF,Tottenham,21,£ 40000 (€ 46094 $45292),£ 2080000 (€ 2396908 $2355192),,7b5ab7f2
278,Emerson,br BRA,DFMF,Tottenham,23,£ 40000 (€ 46094 $45292),£ 2080000 (€ 2396908 $2355192),,df8b52a5
279,Oliver Skipp,eng ENG,MF,Tottenham,21,£ 40000 (€ 46094 $45292),£ 2080000 (€ 2396908 $2355192),,6250083a
280,Lewis Cook,eng ENG,MF,Bournemouth,25,£ 40000 (€ 46094 $45292),£ 2080000 (€ 2396908 $2355192),,2afc7272
281,Philip Billing,dk DEN,MFFW,Bournemouth,26,£ 40000 (€ 46094 $45292),£ 2080000 (€ 2396908 $2355192),,d328a254
282,Fabio Carvalho,pt POR,MFFW,Liverpool,19,£ 40000 (€ 46094 $45292),£ 2080000 (€ 2396908 $2355192),Unverified estimation,966e28d0
283,Harvey Elliott,za RSA,RW,Liverpool,19,£ 40000 (€ 46094 $45292),£ 2080000 (€ 2396908 $2355192),Unverified estimation,b9e1436c
284,Frederic Guilbert,fr FRA,RB,Aston Villa,27,£ 40000 (€ 46094 $45292),£ 2080000 (€ 2396908 $2355192),,5d8d7454
285,Danny Ward,wls WAL,GK,Leicester City,29,£ 40000 (€ 46094 $45292),£ 2080000 (€ 2396908 $2355192),,d3ce0e89
286,Harvey Barnes,eng ENG,MFFW,Leicester City,24,£ 40000 (€ 46094 $45292),£ 2080000 (€ 2396908 $2355192),Unverified estimation,3ea50f67
287,Fabian Schär,ch SUI,DF,Newcastle Utd,30,£ 40000 (€ 46094 $45292),£ 2080000 (€ 2396908 $2355192),,c8aa95da
288,Jamaal Lascelles,eng ENG,DF,Newcastle Utd,28,£ 40000 (€ 46094 $45292),£ 2080000 (€ 2396908 $2355192),,450ab6fc
289,Armando Broja,al ALB,FW,Chelsea,20,£ 40000 (€ 46094 $45292),£ 2080000 (€ 2396908 $2355192),Unverified estimation,97220da2
290,Andros Townsend,eng ENG,RW,Everton,31,£ 40000 (€ 46094 $45292),£ 2080000 (€ 2396908 $2355192),Unverified estimation,b28bbd58
291,Andreas Pereira,br BRA,MF,Fulham,26,£ 40000 (€ 46094 $45292),£ 2080000 (€ 2396908 $2355192),Unverified estimation,6639e500
292,Shane Duffy,ie IRL,FWDF,Fulham,30,£ 40000 (€ 46094 $45292),£ 2080000 (€ 2396908 $2355192),,7314bba4
293,Tom Cairney,sct SCO,MF,Fulham,31,£ 40000 (€ 46094 $45292),£ 2080000 (€ 2396908 $2355192),,a8748947
294,Romain Perraud,fr FRA,DF,Southampton,24,£ 39231 (€ 45208 $44421),£ 2040000 (€ 2350814 $2309900),Unverified estimation,6dfd8f05
295,Joël Veltman,nl NED,DF,Brighton,30,£ 38462 (€ 44322 $43550),£ 2000000 (€ 2304719 $2264607),,dad4b285
296,Adam Webster,eng ENG,DF,Brighton,27,£ 38077 (€ 43878 $43115),£ 1980000 (€ 2281672 $2241961),,c40b6180
297,Jamal Lewis,nir NIR,DF,Newcastle Utd,24,£ 38000 (€ 43790 $43028),£ 1976000 (€ 2277063 $2237432),,efb9215a
298,Anthony Knockaert,fr FRA,RW,Fulham,30,£ 37500 (€ 43213 $42461),£ 1950000 (€ 2247101 $2207992),,6c679c6d
299,Bobby Reid,jm JAM,MFDF,Fulham,29,£ 37500 (€ 43213 $42461),£ 1950000 (€ 2247101 $2207992),,0f7533cd
300,Ivan Cavaleiro,pt POR,LW,Fulham,28,£ 37500 (€ 43213 $42461),£ 1950000 (€ 2247101 $2207992),,979b811d
301,Jonny Castro,es ESP,DF,Wolves,28,£ 36731 (€ 42327 $41590),£ 1910000 (€ 2201007 $2162700),,e28868f3
302,Steve Cook,eng ENG,DF,Nott'ham Forest,31,£ 35192 (€ 40554 $39848),£ 1830000 (€ 2108818 $2072116),Unverified estimation,3e5e4e63
303,Matt Turner,us USA,GK,Arsenal,28,£ 35000 (€ 40333 $39631),£ 1820000 (€ 2097295 $2060793),,4a51ba65
304,Joel Ward,eng ENG,DF,Crystal Palace,32,£ 35000 (€ 40333 $39631),£ 1820000 (€ 2097295 $2060793),,8a7ff278
305,Adam Smith,eng ENG,DF,Bournemouth,31,£ 35000 (€ 40333 $39631),£ 1820000 (€ 2097295 $2060793),,20b104bc
306,Chris Mepham,wls WAL,DF,Bournemouth,24,£ 35000 (€ 40333 $39631),£ 1820000 (€ 2097295 $2060793),Unverified estimation,fed96827
307,Junior Stanislas,eng ENG,MF,Bournemouth,32,£ 35000 (€ 40333 $39631),£ 1820000 (€ 2097295 $2060793),,6992791d
308,Ryan Fredericks,eng ENG,DF,Bournemouth,29,£ 35000 (€ 40333 $39631),£ 1820000 (€ 2097295 $2060793),Unverified estimation,c067631c
309,Patrick Bamford,eng ENG,FWMF,Leeds United,28,£ 35000 (€ 40333 $39631),£ 1820000 (€ 2097295 $2060793),,93feac6e
310,Darren Randolph,ie IRL,GK,West Ham,35,£ 35000 (€ 40333 $39631),£ 1820000 (€ 2097295 $2060793),,6385ebfb
311,Vladimír Coufal,cz CZE,DFMF,West Ham,29,£ 35000 (€ 40333 $39631),£ 1820000 (€ 2097295 $2060793),,fdf3cb77
312,Léo Bonatini,br BRA,CF,Wolves,28,£ 35000 (€ 40333 $39631),£ 1820000 (€ 2097295 $2060793),Unverified estimation,da23d58d
313,Youri Tielemans,be BEL,MF,Leicester City,25,£ 35000 (€ 40333 $39631),£ 1820000 (€ 2097295 $2060793),,56f7a928
314,Dan Burn,eng ENG,DF,Newcastle Utd,30,£ 35000 (€ 40333 $39631),£ 1820000 (€ 2097295 $2060793),Unverified estimation,b2d31e83
315,Jacob Murphy,eng ENG,FW,Newcastle Utd,27,£ 35000 (€ 40333 $39631),£ 1820000 (€ 2097295 $2060793),Unverified estimation,de112b84
316,Javier Manquillo,es ESP,RB,Newcastle Utd,28,£ 35000 (€ 40333 $39631),£ 1820000 (€ 2097295 $2060793),,758dd7f0
317,Paul Dummett,wls WAL,LB,Newcastle Utd,30,£ 35000 (€ 40333 $39631),£ 1820000 (€ 2097295 $2060793),,3fe6bd8c
318,Marcus Bettinelli,eng ENG,GK,Chelsea,30,£ 35000 (€ 40333 $39631),£ 1820000 (€ 2097295 $2060793),,0d85a4e8
319,Trevoh Chalobah,eng ENG,DF,Chelsea,23,£ 35000 (€ 40333 $39631),£ 1820000 (€ 2097295 $2060793),Unverified estimation,5515376c
320,Tariq Lamptey,gh GHA,DFMF,Brighton,21,£ 35000 (€ 40333 $39631),£ 1820000 (€ 2097295 $2060793),,f4e433d4
321,Harry Wilson,wls WAL,MF,Fulham,25,£ 32885 (€ 37895 $37235),£ 1710000 (€ 1970535 $1936239),Unverified estimation,c6dc9ecd
322,Jordan Ayew,gh GHA,MFFW,Crystal Palace,30,£ 32500 (€ 37452 $36800),£ 1690000 (€ 1947488 $1913593),,da052c14
323,Alexis Mac Allister,ar ARG,MF,Brighton,23,£ 30769 (€ 35457 $34840),£ 1600000 (€ 1843776 $1811686),,83d074ff
324,Enock Mwepu,zm ZAM,FWMF,Brighton,24,£ 30769 (€ 35457 $34840),£ 1600000 (€ 1843776 $1811686),Unverified estimation,1d5cab82
325,Marquinhos,br BRA,MF,Arsenal,19,£ 30000 (€ 34571 $33969),£ 1560000 (€ 1797681 $1766394),Unverified estimation,59878425
326,Che Adams,sct SCO,FW,Southampton,26,£ 30000 (€ 34571 $33969),£ 1560000 (€ 1797681 $1766394),,f2bf1b0f
327,Harry Winks,eng ENG,,Tottenham,26,£ 30000 (€ 34571 $33969),£ 1560000 (€ 1797681 $1766394),Unverified estimation,2f7acede
328,Eberechi Eze,eng ENG,MF,Crystal Palace,24,£ 30000 (€ 34571 $33969),£ 1560000 (€ 1797681 $1766394),,ae4fc6a4
329,Jack Stacey,eng ENG,DFMF,Bournemouth,26,£ 30000 (€ 34571 $33969),£ 1560000 (€ 1797681 $1766394),,558807c0
330,Lloyd Kelly,eng ENG,DF,Bournemouth,23,£ 30000 (€ 34571 $33969),£ 1560000 (€ 1797681 $1766394),,f31def1e
331,Ryan Christie,sct SCO,MF,Bournemouth,27,£ 30000 (€ 34571 $33969),£ 1560000 (€ 1797681 $1766394),Unverified estimation,26ce2263
332,Ezri Konsa,eng ENG,DF,Aston Villa,24,£ 30000 (€ 34571 $33969),£ 1560000 (€ 1797681 $1766394),,0313a347
333,Marvelous Nakamba,zw ZIM,DM,Aston Villa,28,£ 30000 (€ 34571 $33969),£ 1560000 (€ 1797681 $1766394),,de5b5570
334,Alex Smithies,eng ENG,GK,Leicester City,32,£ 30000 (€ 34571 $33969),£ 1560000 (€ 1797681 $1766394),Unverified estimation,bb91617c
335,James Justin,eng ENG,DF,Leicester City,24,£ 30000 (€ 34571 $33969),£ 1560000 (€ 1797681 $1766394),,fb614c44
336,Karl Darlow,eng ENG,GK,Newcastle Utd,31,£ 30000 (€ 34571 $33969),£ 1560000 (€ 1797681 $1766394),,cde3309f
337,Scott Carson,eng ENG,GK,Manchester City,36,£ 30000 (€ 34571 $33969),£ 1560000 (€ 1797681 $1766394),Unverified estimation,3e1550ee
338,Solly March,eng ENG,DFMF,Brighton,28,£ 30000 (€ 34571 $33969),£ 1560000 (€ 1797681 $1766394),,bb5fbd2b
339,James Garner,eng ENG,MF,Everton,21,£ 30000 (€ 34571 $33969),£ 1560000 (€ 1797681 $1766394),Unverified estimation,4e015693
340,Josh Onomah,eng ENG,MF,Fulham,25,£ 30000 (€ 34571 $33969),£ 1560000 (€ 1797681 $1766394),,6612cd8c
341,Nathan Ferguson,eng ENG,CB,Crystal Palace,21,£ 28846 (€ 33241 $32663),£ 1500000 (€ 1728540 $1698456),,2f8d27bc
342,Tyrick Mitchell,eng ENG,DF,Crystal Palace,22,£ 28846 (€ 33241 $32663),£ 1500000 (€ 1728540 $1698456),,5cbd1eb0
343,José Sá,pt POR,GK,Wolves,29,£ 28654 (€ 33020 $32445),£ 1490000 (€ 1717016 $1687133),Unverified estimation,903b6e8b
344,Nathan Patterson,sct SCO,DFMF,Everton,20,£ 28000 (€ 32266 $31705),£ 1456000 (€ 1677836 $1648634),,230f0471
345,Antonee Robinson,us USA,DF,Fulham,24,£ 27500 (€ 31690 $31138),£ 1430000 (€ 1647874 $1619194),,289601e6
346,Tim Ream,us USA,DF,Fulham,34,£ 26923 (€ 31025 $30485),£ 1400000 (€ 1613304 $1585225),,28b40c9c
347,Loïc Bade,fr FRA,CB,Nott'ham Forest,22,£ 26154 (€ 30139 $29614),£ 1360000 (€ 1567209 $1539933),Unverified estimation,114bbdee
348,Diogo Dalot,pt POR,DF,Manchester Utd,23,£ 25000 (€ 28809 $28308),£ 1300000 (€ 1498068 $1471995),,d9565625
349,Djed Spence,eng ENG,RB,Tottenham,21,£ 25000 (€ 28809 $28308),£ 1300000 (€ 1498068 $1471995),Unverified estimation,9bc9a519
350,Japhet Tanganga,eng ENG,DF,Tottenham,23,£ 25000 (€ 28809 $28308),£ 1300000 (€ 1498068 $1471995),,e9971f2d
351,Flynn Downes,eng ENG,MF,West Ham,23,£ 25000 (€ 28809 $28308),£ 1300000 (€ 1498068 $1471995),Unverified estimation,69fdb896
352,David Raya,es ESP,GK,Brentford,26,£ 25000 (€ 28809 $28308),£ 1300000 (€ 1498068 $1471995),,98ea5115
353,Pontus Jansson,se SWE,DF,Brentford,31,£ 25000 (€ 28809 $28308),£ 1300000 (€ 1498068 $1471995),,172e52d8
354,Demarai Gray,eng ENG,FWMF,Everton,26,£ 25000 (€ 28809 $28308),£ 1300000 (€ 1498068 $1471995),Unverified estimation,4468ec10
355,Dwight McNeil,eng ENG,FWMF,Everton,22,£ 25000 (€ 28809 $28308),£ 1300000 (€ 1498068 $1471995),Unverified estimation,fc15fb84
356,Rúben Vinagre,pt POR,DFMF,Everton,23,£ 25000 (€ 28809 $28308),£ 1300000 (€ 1498068 $1471995),,b937e490
357,Tom Davies,eng ENG,MF,Everton,24,£ 25000 (€ 28809 $28308),£ 1300000 (€ 1498068 $1471995),,9228b07c
358,Mohammed Salisu,gh GHA,DF,Southampton,23,£ 23077 (€ 26593 $26130),£ 1200000 (€ 1382832 $1358764),,0b33f6ad
359,Harry Arter,ie IRL,CM,Nott'ham Forest,32,£ 22308 (€ 25706 $25259),£ 1160000 (€ 1336737 $1313472),Unverified estimation,2f4c5a52
360,Kristoffer Ajer,no NOR,DF,Brentford,24,£ 22115 (€ 25485 $25041),£ 1150000 (€ 1325214 $1302149),Unverified estimation,a8c0acb7
361,Diego Llorente,es ESP,DF,Leeds United,28,£ 21923 (€ 25263 $24824),£ 1140000 (€ 1313690 $1290826),,bba30585
362,Illan Meslier,fr FRA,GK,Leeds United,22,£ 21923 (€ 25263 $24824),£ 1140000 (€ 1313690 $1290826),,6b625ac2
363,Ivan Toney,eng ENG,FW,Brentford,26,£ 21154 (€ 24377 $23953),£ 1100000 (€ 1267596 $1245534),,e09f279b
364,Facundo Pellistri,uy URU,RW,Manchester Utd,20,£ 20000 (€ 23047 $22646),£ 1040000 (€ 1198454 $1177596),,ac7e7b1c
365,Kyle Walker-Peters,eng ENG,DF,Southampton,25,£ 20000 (€ 23047 $22646),£ 1040000 (€ 1198454 $1177596),,984a5a64
366,Pape Matar Sarr,sn SEN,CM,Tottenham,19,£ 20000 (€ 23047 $22646),£ 1040000 (€ 1198454 $1177596),Unverified estimation,feb5d972
367,Marcus Tavernier,eng ENG,MFDF,Bournemouth,23,£ 20000 (€ 23047 $22646),£ 1040000 (€ 1198454 $1177596),Unverified estimation,5c0da4a4
368,Mark Travers,ie IRL,GK,Bournemouth,23,£ 20000 (€ 23047 $22646),£ 1040000 (€ 1198454 $1177596),Unverified estimation,fe558029
369,Adam Forshaw,eng ENG,MF,Leeds United,30,£ 20000 (€ 23047 $22646),£ 1040000 (€ 1198454 $1177596),,9f1938ab
370,Ben Johnson,eng ENG,DF,West Ham,22,£ 20000 (€ 23047 $22646),£ 1040000 (€ 1198454 $1177596),,9319781b
371,Cameron Archer,eng ENG,MF,Aston Villa,20,£ 20000 (€ 23047 $22646),£ 1040000 (€ 1198454 $1177596),Unverified estimation,05e8ca6d
372,Jed Steer,eng ENG,GK,Aston Villa,29,£ 20000 (€ 23047 $22646),£ 1040000 (€ 1198454 $1177596),,a8a3d139
373,Ludwig Augustinsson,se SWE,DF,Aston Villa,28,£ 20000 (€ 23047 $22646),£ 1040000 (€ 1198454 $1177596),Unverified estimation,9fec8860
374,Daniel Amartey,gh GHA,DF,Leicester City,27,£ 20000 (€ 23047 $22646),£ 1040000 (€ 1198454 $1177596),,1a4ef233
375,Daniel Iversen,dk DEN,GK,Leicester City,25,£ 20000 (€ 23047 $22646),£ 1040000 (€ 1198454 $1177596),Unverified estimation,10d221cd
376,Kiernan Dewsbury-Hall,eng ENG,MF,Leicester City,23,£ 20000 (€ 23047 $22646),£ 1040000 (€ 1198454 $1177596),Unverified estimation,5c74c0f5
377,Loris Karius,de GER,GK,Newcastle Utd,29,£ 20000 (€ 23047 $22646),£ 1040000 (€ 1198454 $1177596),Unverified estimation,32e7ce92
378,Cole Palmer,eng ENG,MFFW,Manchester City,20,£ 20000 (€ 23047 $22646),£ 1040000 (€ 1198454 $1177596),Unverified estimation,dc7f8a28
379,Bryan Mbeumo,cm CMR,FW,Brentford,22,£ 20000 (€ 23047 $22646),£ 1040000 (€ 1198454 $1177596),,6afaebf2
380,Christian Nørgaard,dk DEN,MF,Brentford,28,£ 20000 (€ 23047 $22646),£ 1040000 (€ 1198454 $1177596),,df0a4c90
381,Mathias Jensen,dk DEN,MF,Brentford,26,£ 20000 (€ 23047 $22646),£ 1040000 (€ 1198454 $1177596),,0f134faf
382,Lyle Taylor,ms MSR,CF,Nott'ham Forest,32,£ 20000 (€ 23047 $22646),£ 1040000 (€ 1198454 $1177596),,3e80e04e
383,Hwang Hee-chan,kr KOR,FW,Wolves,26,£ 19231 (€ 22161 $21775),£ 1000000 (€ 1152360 $1132304),Unverified estimation,169fd162
384,Frank Onyeka,ng NGA,MF,Brentford,24,£ 18462 (€ 21274 $20904),£ 960000 (€ 1106265 $1087012),Unverified estimation,2944f86f
385,Chiquinho,pt POR,LW,Wolves,22,£ 18269 (€ 21053 $20686),£ 950000 (€ 1094742 $1075689),Unverified estimation,dc6c2f02
386,Josh Dasilva,eng ENG,MF,Brentford,23,£ 18077 (€ 20831 $20469),£ 940000 (€ 1083218 $1064365),,60344e4f
387,Cafú,pt POR,MF,Nott'ham Forest,29,£ 17692 (€ 20388 $20033),£ 920000 (€ 1060171 $1041719),Unverified estimation,85322440
388,Willy Caballero,ar ARG,GK,Southampton,40,£ 17115 (€ 19723 $19380),£ 890000 (€ 1025600 $1007750),Unverified estimation,a179d516
389,Joe Gelhardt,eng ENG,FWMF,Leeds United,20,£ 16538 (€ 19058 $18727),£ 860000 (€ 991029 $973781),,01962d0d
390,Jason Steele,eng ENG,GK,Brighton,31,£ 15962 (€ 18393 $18073),£ 830000 (€ 956459 $939812),,28300a16
391,Reiss Nelson,eng ENG,FW,Arsenal,22,£ 15000 (€ 17285 $16985),£ 780000 (€ 898841 $883197),,c5bdb6e3
392,Emiliano Marcondes,dk DEN,MF,Bournemouth,27,£ 15000 (€ 17285 $16985),£ 780000 (€ 898841 $883197),Unverified estimation,4d960fc3
393,Kieffer Moore,wls WAL,FW,Bournemouth,29,£ 15000 (€ 17285 $16985),£ 780000 (€ 898841 $883197),Unverified estimation,01ce9e70
394,Jack Harrison,eng ENG,MF,Leeds United,25,£ 15000 (€ 17285 $16985),£ 780000 (€ 898841 $883197),,aa849a12
395,Calvin Ramsay,sct SCO,DF,Liverpool,19,£ 15000 (€ 17285 $16985),£ 780000 (€ 898841 $883197),,d720e834
396,Max Kilman,eng ENG,DF,Wolves,25,£ 15000 (€ 17285 $16985),£ 780000 (€ 898841 $883197),,d0f72bf1
397,Ethan Pinnock,jm JAM,DF,Brentford,29,£ 15000 (€ 17285 $16985),£ 780000 (€ 898841 $883197),,e541326e
398,Saman Ghoddos,ir IRN,MFFW,Brentford,28,£ 15000 (€ 17285 $16985),£ 780000 (€ 898841 $883197),,f7b1d4e0
399,Sergi Canós,es ESP,DFFW,Brentford,25,£ 15000 (€ 17285 $16985),£ 780000 (€ 898841 $883197),,1137759d
400,Steven Alzate,co COL,CM,Brighton,23,£ 15000 (€ 17285 $16985),£ 780000 (€ 898841 $883197),,ad1f61f3
401,Scott McKenna,sct SCO,DF,Nott'ham Forest,25,£ 15000 (€ 17285 $16985),£ 780000 (€ 898841 $883197),,4e5a4cbc
402,Neeskens Kebano,cd COD,MF,Fulham,30,£ 13462 (€ 15513 $15243),£ 700000 (€ 806652 $792613),,18b999f4
403,Sam Surridge,eng ENG,FW,Nott'ham Forest,24,£ 12692 (€ 14626 $14372),£ 660000 (€ 760557 $747320),Unverified estimation,b017b770
404,Matija Šarkić,me MNE,GK,Wolves,25,£ 12500 (€ 14405 $14154),£ 650000 (€ 749034 $735997),Unverified estimation,a89e7b29
405,Jamal Lowe,jm JAM,FW,Bournemouth,28,£ 12000 (€ 13828 $13588),£ 624000 (€ 719072 $706558),Unverified estimation,b2856bc0
406,Rico Henry,eng ENG,DF,Brentford,25,£ 11923 (€ 13740 $13501),£ 620000 (€ 714463 $702028),,8a3c1dc7
407,Shandon Baptiste,gd GRN,MF,Brentford,24,£ 11923 (€ 13740 $13501),£ 620000 (€ 714463 $702028),,2886c9b5
408,Yoane Wissa,cd COD,FWMF,Brentford,25,£ 11923 (€ 13740 $13501),£ 620000 (€ 714463 $702028),Unverified estimation,2500cef9
409,Harrison Reed,eng ENG,MF,Fulham,27,£ 11923 (€ 13740 $13501),£ 620000 (€ 714463 $702028),,803ae100
410,Kristoffer Klaesson,no NOR,GK,Leeds United,21,£ 10962 (€ 12632 $12412),£ 570000 (€ 656845 $645413),Unverified estimation,3f70db80
411,Jaidon Anthony,eng ENG,MFDF,Bournemouth,22,£ 10000 (€ 11524 $11323),£ 520000 (€ 599227 $588798),,e4238fb1
412,Caoimhín Kelleher,ie IRL,GK,Liverpool,23,£ 10000 (€ 11524 $11323),£ 520000 (€ 599227 $588798),Unverified estimation,62d7ef38
413,Curtis Jones,eng ENG,FWMF,Liverpool,21,£ 10000 (€ 11524 $11323),£ 520000 (€ 599227 $588798),Unverified estimation,4fb9c88f
414,Luke Thomas,eng ENG,DF,Leicester City,21,£ 10000 (€ 11524 $11323),£ 520000 (€ 599227 $588798),,fc027d02
415,Mark Gillespie,eng ENG,GK,Newcastle Utd,30,£ 10000 (€ 11524 $11323),£ 520000 (€ 599227 $588798),,e32958b7
416,Vitaly Janelt,de GER,MFDF,Brentford,24,£ 10000 (€ 11524 $11323),£ 520000 (€ 599227 $588798),,8449d35e
417,Jakub Moder,pl POL,CM,Brighton,23,£ 10000 (€ 11524 $11323),£ 520000 (€ 599227 $588798),,f230bc30
418,Robert Sánchez,es ESP,GK,Brighton,24,£ 10000 (€ 11524 $11323),£ 520000 (€ 599227 $588798),,6a713852
419,Andy Lonergan,ie IRL,GK,Everton,38,£ 10000 (€ 11524 $11323),£ 520000 (€ 599227 $588798),Unverified estimation,165cf989
420,Anthony Gordon,eng ENG,FWMF,Everton,21,£ 10000 (€ 11524 $11323),£ 520000 (€ 599227 $588798),,2bd83368
421,Jack Colback,eng ENG,MF,Nott'ham Forest,32,£ 10000 (€ 11524 $11323),£ 520000 (€ 599227 $588798),,963a9201
422,Joe Worrall,eng ENG,DF,Nott'ham Forest,25,£ 10000 (€ 11524 $11323),£ 520000 (€ 599227 $588798),,a5212312
423,Luke Ayling,eng ENG,DF,Leeds United,30,£ 8077 (€ 9308 $9146),£ 420000 (€ 483991 $475568),,420d7c7d
424,Stuart Dallas,nir NIR,RB,Leeds United,31,£ 8077 (€ 9308 $9146),£ 420000 (€ 483991 $475568),,67ca8566
425,Ryan Yates,eng ENG,MF,Nott'ham Forest,24,£ 8077 (€ 9308 $9146),£ 420000 (€ 483991 $475568),,c1fe2a48
426,Ben Pearson,eng ENG,MF,Bournemouth,27,£ 8000 (€ 9219 $9058),£ 416000 (€ 479382 $471038),,a6b461e7
427,Joe Rothwell,eng ENG,MF,Bournemouth,27,£ 8000 (€ 9219 $9058),£ 416000 (€ 479382 $471038),Unverified estimation,10a10454
428,Jordan Zemura,zw ZIM,DF,Bournemouth,22,£ 8000 (€ 9219 $9058),£ 416000 (€ 479382 $471038),Unverified estimation,e8271ad9
429,Siriki Dembélé,ci CIV,FW,Bournemouth,25,£ 8000 (€ 9219 $9058),£ 416000 (€ 479382 $471038),Unverified estimation,11f54bd5
430,Mateusz Klich,pl POL,MFFW,Leeds United,32,£ 7692 (€ 8864 $8710),£ 400000 (€ 460944 $452921),,282679b4
431,Charlie Goode,eng ENG,CB,Brentford,27,£ 7500 (€ 8643 $8492),£ 390000 (€ 449420 $441598),,7aee4dd3
432,Yerson Mosquera,co COL,CB,Wolves,21,£ 7308 (€ 8421 $8275),£ 380000 (€ 437897 $430275),Unverified estimation,1e159d70
433,Pascal Struijk,nl NED,DF,Leeds United,22,£ 7115 (€ 8199 $8057),£ 370000 (€ 426373 $418952),,f4d296e4
434,Liam Cooper,sct SCO,DF,Leeds United,30,£ 6538 (€ 7535 $7404),£ 340000 (€ 391802 $384983),,dc64b8b3
435,Crysencio Summerville,nl NED,MF,Leeds United,20,£ 5769 (€ 6648 $6533),£ 300000 (€ 345708 $339691),Unverified estimation,df04eb4b
436,Loïc Mbe Soh,fr FRA,CB,Nott'ham Forest,21,£ 5577 (€ 6427 $6315),£ 290000 (€ 334184 $328368),,8f534f8e
437,Alejandro Garnacho,,LW,Manchester Utd,18,£ 5000 (€ 5762 $5662),£ 260000 (€ 299614 $294399),Unverified estimation,-9999
438,Anthony Elanga,se SWE,MF,Manchester Utd,20,£ 5000 (€ 5762 $5662),£ 260000 (€ 299614 $294399),,2fba6108
439,Shola Shoretire,eng ENG,RW,Manchester Utd,18,£ 5000 (€ 5762 $5662),£ 260000 (€ 299614 $294399),Unverified estimation,00f0482f
440,Teden Mengi,eng ENG,CB,Manchester Utd,20,£ 5000 (€ 5762 $5662),£ 260000 (€ 299614 $294399),Unverified estimation,91748070
441,Valentino Livramento,eng ENG,RB,Southampton,19,£ 5000 (€ 5762 $5662),£ 260000 (€ 299614 $294399),Unverified estimation,afed6722
442,Brandon Austin,eng ENG,GK,Tottenham,23,£ 5000 (€ 5762 $5662),£ 260000 (€ 299614 $294399),Unverified estimation,5e253986
443,Conor Coventry,ie IRL,MFFW,West Ham,22,£ 5000 (€ 5762 $5662),£ 260000 (€ 299614 $294399),Unverified estimation,a5ca9127
444,Mads Roerslev,dk DEN,DF,Brentford,23,£ 5000 (€ 5762 $5662),£ 260000 (€ 299614 $294399),,57c94db2
445,Eldin Jakupović,ch SUI,GK,Everton,37,£ 5000 (€ 5762 $5662),£ 260000 (€ 299614 $294399),Unverified estimation,1148323a
446,Jan Paul van Hecke,nl NED,DF,Brighton,22,£ 4615 (€ 5319 $5226),£ 240000 (€ 276566 $271753),Unverified estimation,4fd08daa
447,Rayan Aït Nouri,fr FRA,DF,Wolves,21,£ 4423 (€ 5097 $5008),£ 230000 (€ 265043 $260430),,9b398aea
448,Marek Rodák,sk SVK,GK,Fulham,25,£ 4423 (€ 5097 $5008),£ 230000 (€ 265043 $260430),,17acc2ed
449,Moisés Caicedo,ec ECU,MF,Brighton,20,£ 3462 (€ 3989 $3920),£ 180000 (€ 207425 $203815),,16264a81
450,James Hill,eng ENG,CB,Bournemouth,20,£ 3000 (€ 3457 $3397),£ 156000 (€ 179768 $176639),Unverified estimation,69942fb3
451,Elliot Anderson,sct SCO,FWMF,Newcastle Utd,19,£ 3000 (€ 3457 $3397),£ 156000 (€ 179768 $176639),Unverified estimation,de31038e
452,Toti Gomes,pt POR,DF,Wolves,23,£ 2692 (€ 3103 $3049),£ 140000 (€ 161330 $158523),Unverified estimation,f0caab96
453,Chem Campbell,,AM,Wolves,19,£ 2500 (€ 2881 $2831),£ 130000 (€ 149807 $147199),Unverified estimation,-9999
454,Jordan Smith,eng ENG,GK,Nott'ham Forest,27,£ 2500 (€ 2881 $2831),£ 130000 (€ 149807 $147199),,cfca9c4e
455,Brennan Johnson,wls WAL,FWMF,Nott'ham Forest,21,£ 2308 (€ 2659 $2613),£ 120000 (€ 138283 $135876),Unverified estimation,0cd31129
456,Will Dennis,eng ENG,GK,Bournemouth,22,£ 2000 (€ 2305 $2265),£ 104000 (€ 119845 $117760),,d8edc4be
457,Sam Greenwood,eng ENG,MF,Leeds United,20,£ 1346 (€ 1551 $1524),£ 70000 (€ 80665 $79261),Unverified estimation,f3354c07
458,Tyrese Francois,au AUS,MF,Fulham,22,£ 962 (€ 1108 $1089),£ 50000 (€ 57618 $56615),Unverified estimation,6722d4f0
459,Connor Ronan,ie IRL,CM,Wolves,24,£ 769 (€ 886 $871),£ 40000 (€ 46094 $45292),Unverified estimation,1b804500
460,Cody Drameh,eng ENG,DF,Leeds United,20,£ 577 (€ 665 $653),£ 30000 (€ 34571 $33969),Unverified estimation,e0d1510a
,,,,,,,,,
,,,,,,,,,
,,,,,,,,,
